
*** Running vivado
    with args -log cv32e40x_fpga_top.vds -m64 -product Vivado -mode batch -messageDb vivado.pb -notrace -source cv32e40x_fpga_top.tcl


****** Vivado v2019.2 (64-bit)
  **** SW Build 2708876 on Wed Nov  6 21:40:23 MST 2019
  **** IP Build 2700528 on Thu Nov  7 00:09:20 MST 2019
    ** Copyright 1986-2019 Xilinx, Inc. All Rights Reserved.

INFO: [Common 17-1460] Use of init.tcl in C:/UserSoftware/Vivado2019/Vivado/2019.2/scripts/init.tcl is deprecated. Please use Vivado_init.tcl 
Sourcing tcl script 'C:/UserSoftware/Vivado2019/Vivado/2019.2/scripts/init.tcl'
source cv32e40x_fpga_top.tcl -notrace
Command: synth_design -top cv32e40x_fpga_top -part xc7a35ticsg324-1L
Starting synth_design
Attempting to get a license for feature 'Synthesis' and/or device 'xc7a35ti'
INFO: [Common 17-349] Got license for feature 'Synthesis' and/or device 'xc7a35ti'
INFO: [Device 21-403] Loading part xc7a35ticsg324-1L
INFO: Launching helper process for spawning children vivado processes
INFO: Helper process launched with PID 11104 
---------------------------------------------------------------------------------
Starting RTL Elaboration : Time (s): cpu = 00:00:02 ; elapsed = 00:00:02 . Memory (MB): peak = 962.523 ; gain = 233.992
---------------------------------------------------------------------------------
INFO: [Synth 8-6157] synthesizing module 'cv32e40x_fpga_top' [D:/KachiCodeRsp/customriscv/cv32e40x/rtl/cv32e40x_fpga_top.sv:5]
	Parameter MEM_SIZE bound to: 32'b00000000000000010000000000000000 
	Parameter MEM_WORDS bound to: 32'b00000000000000000100000000000000 
	Parameter MEM_ADDR_WIDTH bound to: 32'b00000000000000000000000000010000 
INFO: [Synth 8-5534] Detected attribute (* ram_style = "block" *) [D:/KachiCodeRsp/customriscv/cv32e40x/rtl/cv32e40x_fpga_top.sv:335]
INFO: [Synth 8-5534] Detected attribute (* ram_style = "block" *) [D:/KachiCodeRsp/customriscv/cv32e40x/rtl/cv32e40x_fpga_top.sv:389]
INFO: [Synth 8-5534] Detected attribute (* ram_style = "block" *) [D:/KachiCodeRsp/customriscv/cv32e40x/rtl/cv32e40x_fpga_top.sv:390]
INFO: [Synth 8-5534] Detected attribute (* ram_style = "block" *) [D:/KachiCodeRsp/customriscv/cv32e40x/rtl/cv32e40x_fpga_top.sv:391]
INFO: [Synth 8-5534] Detected attribute (* ram_style = "block" *) [D:/KachiCodeRsp/customriscv/cv32e40x/rtl/cv32e40x_fpga_top.sv:392]
INFO: [Synth 8-6157] synthesizing module 'cv32e40x_if_xif' [D:/KachiCodeRsp/customriscv/cv32e40x/rtl/cv32e40x_if_xif.sv:31]
	Parameter X_NUM_RS bound to: 32'b00000000000000000000000000000010 
	Parameter X_ID_WIDTH bound to: 32'b00000000000000000000000000000100 
	Parameter X_MEM_WIDTH bound to: 32'b00000000000000000000000000100000 
	Parameter X_RFR_WIDTH bound to: 32'b00000000000000000000000000100000 
	Parameter X_RFW_WIDTH bound to: 32'b00000000000000000000000000100000 
	Parameter X_MISA bound to: 0 - type: integer 
	Parameter X_ECS_XS bound to: 2'b00 
	Parameter XLEN bound to: 32'sb00000000000000000000000000100000 
	Parameter FLEN bound to: 32'sb00000000000000000000000000100000 
INFO: [Synth 8-6155] done synthesizing module 'cv32e40x_if_xif' (0#1) [D:/KachiCodeRsp/customriscv/cv32e40x/rtl/cv32e40x_if_xif.sv:31]
INFO: [Synth 8-6157] synthesizing module 'cv32e40x_if_xif' [D:/KachiCodeRsp/customriscv/cv32e40x/rtl/cv32e40x_if_xif.sv:31]
	Parameter X_NUM_RS bound to: 32'b00000000000000000000000000000010 
	Parameter X_ID_WIDTH bound to: 32'b00000000000000000000000000000100 
	Parameter X_MEM_WIDTH bound to: 32'b00000000000000000000000000100000 
	Parameter X_RFR_WIDTH bound to: 32'b00000000000000000000000000100000 
	Parameter X_RFW_WIDTH bound to: 32'b00000000000000000000000000100000 
	Parameter X_MISA bound to: 0 - type: integer 
	Parameter X_ECS_XS bound to: 2'b00 
	Parameter XLEN bound to: 32'sb00000000000000000000000000100000 
	Parameter FLEN bound to: 32'sb00000000000000000000000000100000 
INFO: [Synth 8-6155] done synthesizing module 'cv32e40x_if_xif' (0#1) [D:/KachiCodeRsp/customriscv/cv32e40x/rtl/cv32e40x_if_xif.sv:31]
INFO: [Synth 8-6157] synthesizing module 'cv32e40x_if_xif' [D:/KachiCodeRsp/customriscv/cv32e40x/rtl/cv32e40x_if_xif.sv:31]
	Parameter X_NUM_RS bound to: 32'b00000000000000000000000000000010 
	Parameter X_ID_WIDTH bound to: 32'b00000000000000000000000000000100 
	Parameter X_MEM_WIDTH bound to: 32'b00000000000000000000000000100000 
	Parameter X_RFR_WIDTH bound to: 32'b00000000000000000000000000100000 
	Parameter X_RFW_WIDTH bound to: 32'b00000000000000000000000000100000 
	Parameter X_MISA bound to: 0 - type: integer 
	Parameter X_ECS_XS bound to: 2'b00 
	Parameter XLEN bound to: 32'sb00000000000000000000000000100000 
	Parameter FLEN bound to: 32'sb00000000000000000000000000100000 
INFO: [Synth 8-6155] done synthesizing module 'cv32e40x_if_xif' (0#1) [D:/KachiCodeRsp/customriscv/cv32e40x/rtl/cv32e40x_if_xif.sv:31]
INFO: [Synth 8-6157] synthesizing module 'cv32e40x_if_xif' [D:/KachiCodeRsp/customriscv/cv32e40x/rtl/cv32e40x_if_xif.sv:31]
	Parameter X_NUM_RS bound to: 32'b00000000000000000000000000000010 
	Parameter X_ID_WIDTH bound to: 32'b00000000000000000000000000000100 
	Parameter X_MEM_WIDTH bound to: 32'b00000000000000000000000000100000 
	Parameter X_RFR_WIDTH bound to: 32'b00000000000000000000000000100000 
	Parameter X_RFW_WIDTH bound to: 32'b00000000000000000000000000100000 
	Parameter X_MISA bound to: 0 - type: integer 
	Parameter X_ECS_XS bound to: 2'b00 
	Parameter XLEN bound to: 32'sb00000000000000000000000000100000 
	Parameter FLEN bound to: 32'sb00000000000000000000000000100000 
INFO: [Synth 8-6155] done synthesizing module 'cv32e40x_if_xif' (0#1) [D:/KachiCodeRsp/customriscv/cv32e40x/rtl/cv32e40x_if_xif.sv:31]
INFO: [Synth 8-6157] synthesizing module 'cv32e40x_if_xif' [D:/KachiCodeRsp/customriscv/cv32e40x/rtl/cv32e40x_if_xif.sv:31]
	Parameter X_NUM_RS bound to: 32'b00000000000000000000000000000010 
	Parameter X_ID_WIDTH bound to: 32'b00000000000000000000000000000100 
	Parameter X_MEM_WIDTH bound to: 32'b00000000000000000000000000100000 
	Parameter X_RFR_WIDTH bound to: 32'b00000000000000000000000000100000 
	Parameter X_RFW_WIDTH bound to: 32'b00000000000000000000000000100000 
	Parameter X_MISA bound to: 0 - type: integer 
	Parameter X_ECS_XS bound to: 2'b00 
	Parameter XLEN bound to: 32'sb00000000000000000000000000100000 
	Parameter FLEN bound to: 32'sb00000000000000000000000000100000 
INFO: [Synth 8-6155] done synthesizing module 'cv32e40x_if_xif' (0#1) [D:/KachiCodeRsp/customriscv/cv32e40x/rtl/cv32e40x_if_xif.sv:31]
INFO: [Synth 8-6157] synthesizing module 'cv32e40x_if_xif' [D:/KachiCodeRsp/customriscv/cv32e40x/rtl/cv32e40x_if_xif.sv:31]
	Parameter X_NUM_RS bound to: 32'b00000000000000000000000000000010 
	Parameter X_ID_WIDTH bound to: 32'b00000000000000000000000000000100 
	Parameter X_MEM_WIDTH bound to: 32'b00000000000000000000000000100000 
	Parameter X_RFR_WIDTH bound to: 32'b00000000000000000000000000100000 
	Parameter X_RFW_WIDTH bound to: 32'b00000000000000000000000000100000 
	Parameter X_MISA bound to: 0 - type: integer 
	Parameter X_ECS_XS bound to: 2'b00 
	Parameter XLEN bound to: 32'sb00000000000000000000000000100000 
	Parameter FLEN bound to: 32'sb00000000000000000000000000100000 
INFO: [Synth 8-6155] done synthesizing module 'cv32e40x_if_xif' (0#1) [D:/KachiCodeRsp/customriscv/cv32e40x/rtl/cv32e40x_if_xif.sv:31]
INFO: [Synth 8-6157] synthesizing module 'cv32e40x_core' [D:/KachiCodeRsp/customriscv/cv32e40x/rtl/cv32e40x_core.sv:32]
	Parameter LIB bound to: 0 - type: integer 
	Parameter RV32 bound to: 1'b0 
	Parameter A_EXT bound to: 2'b00 
	Parameter B_EXT bound to: 2'b00 
	Parameter M_EXT bound to: 2'b01 
	Parameter ZC_EXT bound to: 4'b0101 
	Parameter DEBUG bound to: 1'b1 
	Parameter DM_REGION_START bound to: -268435456 - type: integer 
	Parameter DM_REGION_END bound to: -268419073 - type: integer 
	Parameter DBG_NUM_TRIGGERS bound to: 32'sb00000000000000000000000000000001 
	Parameter PMA_NUM_REGIONS bound to: 32'sb00000000000000000000000000000000 
	Parameter PMA_CFG bound to: 136'b0000000000000000000000000000000000000000000000000000000000000000000000000000000000000000000000000000000000000000000000000000000000000000 
	Parameter CLIC bound to: 1'b0 
	Parameter CLIC_ID_WIDTH bound to: 32'b00000000000000000000000000000101 
	Parameter X_EXT bound to: 1'b0 
	Parameter X_NUM_RS bound to: 32'b00000000000000000000000000000010 
	Parameter X_ID_WIDTH bound to: 32'b00000000000000000000000000000100 
	Parameter X_MEM_WIDTH bound to: 32'b00000000000000000000000000100000 
	Parameter X_RFR_WIDTH bound to: 32'b00000000000000000000000000100000 
	Parameter X_RFW_WIDTH bound to: 32'b00000000000000000000000000100000 
	Parameter X_MISA bound to: 0 - type: integer 
	Parameter X_ECS_XS bound to: 2'b00 
	Parameter NUM_MHPMCOUNTERS bound to: 32'b00000000000000000000000000000001 
	Parameter REGFILE_NUM_READ_PORTS bound to: 32'b00000000000000000000000000000010 
	Parameter MTVT_LSB bound to: 32'b00000000000000000000000000000111 
	Parameter MTVT_ADDR_WIDTH bound to: 32'b00000000000000000000000000011001 
INFO: [Synth 8-6157] synthesizing module 'cv32e40x_int_controller' [D:/KachiCodeRsp/customriscv/cv32e40x/rtl/cv32e40x_int_controller.sv:24]
INFO: [Synth 8-6155] done synthesizing module 'cv32e40x_int_controller' (1#1) [D:/KachiCodeRsp/customriscv/cv32e40x/rtl/cv32e40x_int_controller.sv:24]
INFO: [Synth 8-6157] synthesizing module 'cv32e40x_if_c_obi' [D:/KachiCodeRsp/customriscv/cv32e40x/rtl/cv32e40x_if_c_obi.sv:27]
INFO: [Synth 8-6155] done synthesizing module 'cv32e40x_if_c_obi' (1#1) [D:/KachiCodeRsp/customriscv/cv32e40x/rtl/cv32e40x_if_c_obi.sv:27]
INFO: [Synth 8-6157] synthesizing module 'cv32e40x_if_c_obi' [D:/KachiCodeRsp/customriscv/cv32e40x/rtl/cv32e40x_if_c_obi.sv:27]
INFO: [Synth 8-6155] done synthesizing module 'cv32e40x_if_c_obi' (1#1) [D:/KachiCodeRsp/customriscv/cv32e40x/rtl/cv32e40x_if_c_obi.sv:27]
INFO: [Synth 8-6157] synthesizing module 'cv32e40x_sleep_unit' [D:/KachiCodeRsp/customriscv/cv32e40x/rtl/cv32e40x_sleep_unit.sv:43]
	Parameter LIB bound to: 0 - type: integer 
INFO: [Synth 8-6157] synthesizing module 'cv32e40x_clock_gate' [D:/KachiCodeRsp/customriscv/cv32e40x/rtl/cv32e40x_clock_gate_fpga.sv:11]
	Parameter LIB bound to: 0 - type: integer 
INFO: [Synth 8-6155] done synthesizing module 'cv32e40x_clock_gate' (2#1) [D:/KachiCodeRsp/customriscv/cv32e40x/rtl/cv32e40x_clock_gate_fpga.sv:11]
INFO: [Synth 8-6155] done synthesizing module 'cv32e40x_sleep_unit' (3#1) [D:/KachiCodeRsp/customriscv/cv32e40x/rtl/cv32e40x_sleep_unit.sv:43]
INFO: [Synth 8-6157] synthesizing module 'cv32e40x_if_stage' [D:/KachiCodeRsp/customriscv/cv32e40x/rtl/cv32e40x_if_stage.sv:29]
	Parameter RV32 bound to: 1'b0 
	Parameter A_EXT bound to: 2'b00 
	Parameter B_EXT bound to: 2'b00 
	Parameter X_EXT bound to: 1'b0 
	Parameter X_ID_WIDTH bound to: 32'b00000000000000000000000000000100 
	Parameter PMA_NUM_REGIONS bound to: 32'sb00000000000000000000000000000000 
	Parameter PMA_CFG bound to: 136'b0000000000000000000000000000000000000000000000000000000000000000000000000000000000000000000000000000000000000000000000000000000000000000 
	Parameter MTVT_ADDR_WIDTH bound to: 32'b00000000000000000000000000011001 
	Parameter CLIC bound to: 1'b0 
	Parameter CLIC_ID_WIDTH bound to: 32'b00000000000000000000000000000101 
	Parameter ZC_EXT bound to: 4'b0101 
	Parameter M_EXT bound to: 2'b01 
	Parameter DEBUG bound to: 1'b1 
	Parameter DM_REGION_START bound to: -268435456 - type: integer 
	Parameter DM_REGION_END bound to: -268419073 - type: integer 
	Parameter ALBUF_DEPTH bound to: 32'b00000000000000000000000000000011 
	Parameter ALBUF_CNT_WIDTH bound to: 32'b00000000000000000000000000000010 
	Parameter CLIC_MUX_WIDTH bound to: 32'b00000000000000000000000000000101 
INFO: [Synth 8-6157] synthesizing module 'cv32e40x_compressed_decoder' [D:/KachiCodeRsp/customriscv/cv32e40x/rtl/cv32e40x_compressed_decoder.sv:27]
	Parameter ZC_EXT bound to: 4'b0101 
	Parameter B_EXT bound to: 2'b00 
	Parameter M_EXT bound to: 2'b01 
INFO: [Synth 8-294] found qualifier unique on case statement: implementing as parallel_case [D:/KachiCodeRsp/customriscv/cv32e40x/rtl/cv32e40x_compressed_decoder.sv:62]
INFO: [Synth 8-294] found qualifier unique on case statement: implementing as parallel_case [D:/KachiCodeRsp/customriscv/cv32e40x/rtl/cv32e40x_compressed_decoder.sv:65]
INFO: [Synth 8-226] default block is never used [D:/KachiCodeRsp/customriscv/cv32e40x/rtl/cv32e40x_compressed_decoder.sv:65]
INFO: [Synth 8-294] found qualifier unique on case statement: implementing as parallel_case [D:/KachiCodeRsp/customriscv/cv32e40x/rtl/cv32e40x_compressed_decoder.sv:138]
INFO: [Synth 8-226] default block is never used [D:/KachiCodeRsp/customriscv/cv32e40x/rtl/cv32e40x_compressed_decoder.sv:138]
INFO: [Synth 8-294] found qualifier unique on case statement: implementing as parallel_case [D:/KachiCodeRsp/customriscv/cv32e40x/rtl/cv32e40x_compressed_decoder.sv:180]
INFO: [Synth 8-226] default block is never used [D:/KachiCodeRsp/customriscv/cv32e40x/rtl/cv32e40x_compressed_decoder.sv:180]
INFO: [Synth 8-294] found qualifier unique on case statement: implementing as parallel_case [D:/KachiCodeRsp/customriscv/cv32e40x/rtl/cv32e40x_compressed_decoder.sv:205]
INFO: [Synth 8-226] default block is never used [D:/KachiCodeRsp/customriscv/cv32e40x/rtl/cv32e40x_compressed_decoder.sv:205]
INFO: [Synth 8-294] found qualifier unique on case statement: implementing as parallel_case [D:/KachiCodeRsp/customriscv/cv32e40x/rtl/cv32e40x_compressed_decoder.sv:309]
INFO: [Synth 8-226] default block is never used [D:/KachiCodeRsp/customriscv/cv32e40x/rtl/cv32e40x_compressed_decoder.sv:309]
INFO: [Synth 8-6155] done synthesizing module 'cv32e40x_compressed_decoder' (4#1) [D:/KachiCodeRsp/customriscv/cv32e40x/rtl/cv32e40x_compressed_decoder.sv:27]
INFO: [Synth 8-6157] synthesizing module 'cv32e40x_sequencer' [D:/KachiCodeRsp/customriscv/cv32e40x/rtl/cv32e40x_sequencer.sv:34]
	Parameter RV32 bound to: 1'b0 
INFO: [Synth 8-294] found qualifier unique on case statement: implementing as parallel_case [D:/KachiCodeRsp/customriscv/cv32e40x/rtl/cv32e40x_sequencer.sv:162]
INFO: [Synth 8-226] default block is never used [D:/KachiCodeRsp/customriscv/cv32e40x/rtl/include/cv32e40x_pkg.sv:1663]
INFO: [Synth 8-294] found qualifier unique on case statement: implementing as parallel_case [D:/KachiCodeRsp/customriscv/cv32e40x/rtl/cv32e40x_sequencer.sv:274]
INFO: [Synth 8-6155] done synthesizing module 'cv32e40x_sequencer' (5#1) [D:/KachiCodeRsp/customriscv/cv32e40x/rtl/cv32e40x_sequencer.sv:34]
INFO: [Synth 8-294] found qualifier unique on case statement: implementing as parallel_case [D:/KachiCodeRsp/customriscv/cv32e40x/rtl/cv32e40x_if_stage.sv:166]
INFO: [Synth 8-6157] synthesizing module 'cv32e40x_prefetch_unit' [D:/KachiCodeRsp/customriscv/cv32e40x/rtl/cv32e40x_prefetch_unit.sv:29]
	Parameter CLIC bound to: 1'b0 
	Parameter ALBUF_DEPTH bound to: 32'b00000000000000000000000000000011 
	Parameter ALBUF_CNT_WIDTH bound to: 32'b00000000000000000000000000000010 
INFO: [Synth 8-6157] synthesizing module 'cv32e40x_prefetcher' [D:/KachiCodeRsp/customriscv/cv32e40x/rtl/cv32e40x_prefetcher.sv:40]
	Parameter CLIC bound to: 1'b0 
INFO: [Synth 8-226] default block is never used [D:/KachiCodeRsp/customriscv/cv32e40x/rtl/cv32e40x_prefetcher.sv:91]
INFO: [Synth 8-6155] done synthesizing module 'cv32e40x_prefetcher' (6#1) [D:/KachiCodeRsp/customriscv/cv32e40x/rtl/cv32e40x_prefetcher.sv:40]
INFO: [Synth 8-6157] synthesizing module 'cv32e40x_alignment_buffer' [D:/KachiCodeRsp/customriscv/cv32e40x/rtl/cv32e40x_alignment_buffer.sv:24]
	Parameter ALBUF_DEPTH bound to: 32'b00000000000000000000000000000011 
	Parameter ALBUF_CNT_WIDTH bound to: 32'b00000000000000000000000000000010 
INFO: [Synth 8-226] default block is never used [D:/KachiCodeRsp/customriscv/cv32e40x/rtl/cv32e40x_alignment_buffer.sv:400]
WARNING: [Synth 8-5858] RAM resp_q_reg from Abstract Data Type (record/struct) for this pattern/configuration is not supported. This will most likely be implemented in registers
INFO: [Synth 8-6155] done synthesizing module 'cv32e40x_alignment_buffer' (7#1) [D:/KachiCodeRsp/customriscv/cv32e40x/rtl/cv32e40x_alignment_buffer.sv:24]
INFO: [Synth 8-6155] done synthesizing module 'cv32e40x_prefetch_unit' (8#1) [D:/KachiCodeRsp/customriscv/cv32e40x/rtl/cv32e40x_prefetch_unit.sv:29]
INFO: [Synth 8-6157] synthesizing module 'cv32e40x_mpu' [D:/KachiCodeRsp/customriscv/cv32e40x/rtl/cv32e40x_mpu.sv:26]
	Parameter IF_STAGE bound to: 1'b1 
	Parameter A_EXT bound to: 2'b00 
	Parameter PMA_NUM_REGIONS bound to: 32'sb00000000000000000000000000000000 
	Parameter PMA_CFG bound to: 136'b0000000000000000000000000000000000000000000000000000000000000000000000000000000000000000000000000000000000000000000000000000000000000000 
	Parameter DEBUG bound to: 1'b1 
	Parameter DM_REGION_START bound to: -268435456 - type: integer 
	Parameter DM_REGION_END bound to: -268419073 - type: integer 
INFO: [Synth 8-6157] synthesizing module 'cv32e40x_pma' [D:/KachiCodeRsp/customriscv/cv32e40x/rtl/cv32e40x_pma.sv:26]
	Parameter A_EXT bound to: 2'b00 
	Parameter PMA_NUM_REGIONS bound to: 32'sb00000000000000000000000000000000 
	Parameter PMA_CFG bound to: 136'b0000000000000000000000000000000000000000000000000000000000000000000000000000000000000000000000000000000000000000000000000000000000000000 
	Parameter PMA_DBG[word_addr_low] bound to: 0 - type: integer 
	Parameter PMA_DBG[word_addr_high] bound to: 0 - type: integer 
	Parameter PMA_DBG[main] bound to: 1'b1 
	Parameter PMA_DBG[bufferable] bound to: 1'b0 
	Parameter PMA_DBG[cacheable] bound to: 1'b0 
	Parameter PMA_DBG[atomic] bound to: 1'b0 
INFO: [Synth 8-6155] done synthesizing module 'cv32e40x_pma' (9#1) [D:/KachiCodeRsp/customriscv/cv32e40x/rtl/cv32e40x_pma.sv:26]
INFO: [Synth 8-6155] done synthesizing module 'cv32e40x_mpu' (10#1) [D:/KachiCodeRsp/customriscv/cv32e40x/rtl/cv32e40x_mpu.sv:26]
INFO: [Synth 8-6157] synthesizing module 'cv32e40x_instr_obi_interface' [D:/KachiCodeRsp/customriscv/cv32e40x/rtl/cv32e40x_instr_obi_interface.sv:38]
INFO: [Synth 8-226] default block is never used [D:/KachiCodeRsp/customriscv/cv32e40x/rtl/cv32e40x_instr_obi_interface.sv:93]
INFO: [Synth 8-6155] done synthesizing module 'cv32e40x_instr_obi_interface' (11#1) [D:/KachiCodeRsp/customriscv/cv32e40x/rtl/cv32e40x_instr_obi_interface.sv:38]
INFO: [Synth 8-6155] done synthesizing module 'cv32e40x_if_stage' (12#1) [D:/KachiCodeRsp/customriscv/cv32e40x/rtl/cv32e40x_if_stage.sv:29]
INFO: [Synth 8-6157] synthesizing module 'cv32e40x_id_stage' [D:/KachiCodeRsp/customriscv/cv32e40x/rtl/cv32e40x_id_stage.sv:33]
	Parameter RV32 bound to: 1'b0 
	Parameter A_EXT bound to: 2'b00 
	Parameter B_EXT bound to: 2'b00 
	Parameter M_EXT bound to: 2'b01 
	Parameter X_EXT bound to: 1'b0 
	Parameter REGFILE_NUM_READ_PORTS bound to: 32'b00000000000000000000000000000010 
	Parameter CLIC bound to: 1'b0 
	Parameter REG_S1_MSB bound to: 19 - type: integer 
	Parameter REG_S1_LSB bound to: 15 - type: integer 
	Parameter REG_S2_MSB bound to: 24 - type: integer 
	Parameter REG_S2_LSB bound to: 20 - type: integer 
	Parameter REG_S3_MSB bound to: 31 - type: integer 
	Parameter REG_S3_LSB bound to: 27 - type: integer 
	Parameter REG_D_MSB bound to: 11 - type: integer 
	Parameter REG_D_LSB bound to: 7 - type: integer 
INFO: [Synth 8-6157] synthesizing module 'cv32e40x_pc_target' [D:/KachiCodeRsp/customriscv/cv32e40x/rtl/cv32e40x_pc_target.sv:26]
INFO: [Synth 8-294] found qualifier unique on case statement: implementing as parallel_case [D:/KachiCodeRsp/customriscv/cv32e40x/rtl/cv32e40x_pc_target.sv:46]
INFO: [Synth 8-226] default block is never used [D:/KachiCodeRsp/customriscv/cv32e40x/rtl/cv32e40x_pc_target.sv:46]
INFO: [Synth 8-6155] done synthesizing module 'cv32e40x_pc_target' (13#1) [D:/KachiCodeRsp/customriscv/cv32e40x/rtl/cv32e40x_pc_target.sv:26]
INFO: [Synth 8-294] found qualifier unique on case statement: implementing as parallel_case [D:/KachiCodeRsp/customriscv/cv32e40x/rtl/cv32e40x_id_stage.sv:294]
INFO: [Synth 8-226] default block is never used [D:/KachiCodeRsp/customriscv/cv32e40x/rtl/cv32e40x_id_stage.sv:294]
INFO: [Synth 8-226] default block is never used [D:/KachiCodeRsp/customriscv/cv32e40x/rtl/cv32e40x_id_stage.sv:312]
INFO: [Synth 8-294] found qualifier unique on case statement: implementing as parallel_case [D:/KachiCodeRsp/customriscv/cv32e40x/rtl/cv32e40x_id_stage.sv:330]
INFO: [Synth 8-226] default block is never used [D:/KachiCodeRsp/customriscv/cv32e40x/rtl/cv32e40x_id_stage.sv:330]
INFO: [Synth 8-6157] synthesizing module 'cv32e40x_decoder' [D:/KachiCodeRsp/customriscv/cv32e40x/rtl/cv32e40x_decoder.sv:28]
	Parameter RV32 bound to: 1'b0 
	Parameter REGFILE_NUM_READ_PORTS bound to: 32'b00000000000000000000000000000010 
	Parameter A_EXT bound to: 2'b00 
	Parameter B_EXT bound to: 2'b00 
	Parameter M_EXT bound to: 2'b01 
	Parameter CLIC bound to: 1'b0 
INFO: [Synth 8-6157] synthesizing module 'cv32e40x_m_decoder' [D:/KachiCodeRsp/customriscv/cv32e40x/rtl/cv32e40x_m_decoder.sv:29]
	Parameter M_EXT bound to: 2'b01 
INFO: [Synth 8-294] found qualifier unique on case statement: implementing as parallel_case [D:/KachiCodeRsp/customriscv/cv32e40x/rtl/cv32e40x_m_decoder.sv:46]
INFO: [Synth 8-294] found qualifier unique on case statement: implementing as parallel_case [D:/KachiCodeRsp/customriscv/cv32e40x/rtl/cv32e40x_m_decoder.sv:61]
INFO: [Synth 8-6155] done synthesizing module 'cv32e40x_m_decoder' (14#1) [D:/KachiCodeRsp/customriscv/cv32e40x/rtl/cv32e40x_m_decoder.sv:29]
INFO: [Synth 8-6157] synthesizing module 'cv32e40x_i_decoder' [D:/KachiCodeRsp/customriscv/cv32e40x/rtl/cv32e40x_i_decoder.sv:30]
	Parameter CLIC bound to: 1'b0 
	Parameter CUSTOM_EXT bound to: 1 - type: integer 
INFO: [Synth 8-294] found qualifier unique on case statement: implementing as parallel_case [D:/KachiCodeRsp/customriscv/cv32e40x/rtl/cv32e40x_i_decoder.sv:51]
INFO: [Synth 8-294] found qualifier unique on case statement: implementing as parallel_case [D:/KachiCodeRsp/customriscv/cv32e40x/rtl/cv32e40x_i_decoder.sv:105]
INFO: [Synth 8-294] found qualifier unique on case statement: implementing as parallel_case [D:/KachiCodeRsp/customriscv/cv32e40x/rtl/cv32e40x_i_decoder.sv:204]
INFO: [Synth 8-226] default block is never used [D:/KachiCodeRsp/customriscv/cv32e40x/rtl/cv32e40x_i_decoder.sv:204]
INFO: [Synth 8-294] found qualifier unique on case statement: implementing as parallel_case [D:/KachiCodeRsp/customriscv/cv32e40x/rtl/cv32e40x_i_decoder.sv:246]
INFO: [Synth 8-294] found qualifier unique on case statement: implementing as parallel_case [D:/KachiCodeRsp/customriscv/cv32e40x/rtl/cv32e40x_i_decoder.sv:276]
INFO: [Synth 8-294] found qualifier unique on case statement: implementing as parallel_case [D:/KachiCodeRsp/customriscv/cv32e40x/rtl/cv32e40x_i_decoder.sv:298]
INFO: [Synth 8-294] found qualifier unique on case statement: implementing as parallel_case [D:/KachiCodeRsp/customriscv/cv32e40x/rtl/cv32e40x_i_decoder.sv:374]
INFO: [Synth 8-6155] done synthesizing module 'cv32e40x_i_decoder' (15#1) [D:/KachiCodeRsp/customriscv/cv32e40x/rtl/cv32e40x_i_decoder.sv:30]
INFO: [Synth 8-294] found qualifier unique on case statement: implementing as parallel_case [D:/KachiCodeRsp/customriscv/cv32e40x/rtl/cv32e40x_decoder.sv:247]
INFO: [Synth 8-6155] done synthesizing module 'cv32e40x_decoder' (16#1) [D:/KachiCodeRsp/customriscv/cv32e40x/rtl/cv32e40x_decoder.sv:28]
INFO: [Synth 8-6155] done synthesizing module 'cv32e40x_id_stage' (17#1) [D:/KachiCodeRsp/customriscv/cv32e40x/rtl/cv32e40x_id_stage.sv:33]
INFO: [Synth 8-6157] synthesizing module 'cv32e40x_ex_stage' [D:/KachiCodeRsp/customriscv/cv32e40x/rtl/cv32e40x_ex_stage.sv:33]
	Parameter X_EXT bound to: 1'b0 
	Parameter B_EXT bound to: 2'b00 
	Parameter M_EXT bound to: 2'b01 
INFO: [Synth 8-6157] synthesizing module 'cv32e40x_div' [D:/KachiCodeRsp/customriscv/cv32e40x/rtl/cv32e40x_div.sv:28]
INFO: [Synth 8-226] default block is never used [D:/KachiCodeRsp/customriscv/cv32e40x/rtl/cv32e40x_div.sv:120]
INFO: [Synth 8-226] default block is never used [D:/KachiCodeRsp/customriscv/cv32e40x/rtl/cv32e40x_div.sv:231]
INFO: [Synth 8-6155] done synthesizing module 'cv32e40x_div' (18#1) [D:/KachiCodeRsp/customriscv/cv32e40x/rtl/cv32e40x_div.sv:28]
INFO: [Synth 8-6157] synthesizing module 'cv32e40x_mult' [D:/KachiCodeRsp/customriscv/cv32e40x/rtl/cv32e40x_mult.sv:27]
INFO: [Synth 8-226] default block is never used [D:/KachiCodeRsp/customriscv/cv32e40x/rtl/cv32e40x_mult.sv:123]
INFO: [Synth 8-6155] done synthesizing module 'cv32e40x_mult' (19#1) [D:/KachiCodeRsp/customriscv/cv32e40x/rtl/cv32e40x_mult.sv:27]
INFO: [Synth 8-294] found qualifier unique on case statement: implementing as parallel_case [D:/KachiCodeRsp/customriscv/cv32e40x/rtl/cv32e40x_ex_stage.sv:167]
INFO: [Synth 8-6157] synthesizing module 'cv32e40x_alu' [D:/KachiCodeRsp/customriscv/cv32e40x/rtl/cv32e40x_alu.sv:50]
	Parameter B_EXT bound to: 2'b00 
	Parameter RV32B_ZBS bound to: 1'b0 
INFO: [Synth 8-294] found qualifier unique on case statement: implementing as parallel_case [D:/KachiCodeRsp/customriscv/cv32e40x/rtl/cv32e40x_alu.sv:153]
INFO: [Synth 8-294] found qualifier unique on case statement: implementing as parallel_case [D:/KachiCodeRsp/customriscv/cv32e40x/rtl/cv32e40x_alu.sv:236]
INFO: [Synth 8-6157] synthesizing module 'cv32e40x_ff_one' [D:/KachiCodeRsp/customriscv/cv32e40x/rtl/cv32e40x_ff_one.sv:25]
	Parameter LEN bound to: 32'b00000000000000000000000000100000 
	Parameter NUM_LEVELS bound to: 5 - type: integer 
INFO: [Synth 8-6155] done synthesizing module 'cv32e40x_ff_one' (20#1) [D:/KachiCodeRsp/customriscv/cv32e40x/rtl/cv32e40x_ff_one.sv:25]
INFO: [Synth 8-6157] synthesizing module 'cv32e40x_alu_b_cpop' [D:/KachiCodeRsp/customriscv/cv32e40x/rtl/cv32e40x_alu_b_cpop.sv:30]
INFO: [Synth 8-6155] done synthesizing module 'cv32e40x_alu_b_cpop' (21#1) [D:/KachiCodeRsp/customriscv/cv32e40x/rtl/cv32e40x_alu_b_cpop.sv:30]
INFO: [Synth 8-294] found qualifier unique on case statement: implementing as parallel_case [D:/KachiCodeRsp/customriscv/cv32e40x/rtl/cv32e40x_alu.sv:345]
WARNING: [Synth 8-3936] Found unconnected internal register 'shifter_tmp_reg' and it is trimmed from '64' to '32' bits. [D:/KachiCodeRsp/customriscv/cv32e40x/rtl/cv32e40x_alu.sv:173]
INFO: [Synth 8-6155] done synthesizing module 'cv32e40x_alu' (22#1) [D:/KachiCodeRsp/customriscv/cv32e40x/rtl/cv32e40x_alu.sv:50]
INFO: [Synth 8-6155] done synthesizing module 'cv32e40x_ex_stage' (23#1) [D:/KachiCodeRsp/customriscv/cv32e40x/rtl/cv32e40x_ex_stage.sv:33]
INFO: [Synth 8-6157] synthesizing module 'cv32e40x_load_store_unit' [D:/KachiCodeRsp/customriscv/cv32e40x/rtl/cv32e40x_load_store_unit.sv:28]
	Parameter A_EXT bound to: 2'b00 
	Parameter X_EXT bound to: 1'b0 
	Parameter X_ID_WIDTH bound to: 32'b00000000000000000000000000000100 
	Parameter PMA_NUM_REGIONS bound to: 32'sb00000000000000000000000000000000 
	Parameter PMA_CFG bound to: 136'b0000000000000000000000000000000000000000000000000000000000000000000000000000000000000000000000000000000000000000000000000000000000000000 
	Parameter DBG_NUM_TRIGGERS bound to: 32'sb00000000000000000000000000000001 
	Parameter DEBUG bound to: 1'b1 
	Parameter DM_REGION_START bound to: -268435456 - type: integer 
	Parameter DM_REGION_END bound to: -268419073 - type: integer 
	Parameter DEPTH bound to: 2 - type: integer 
INFO: [Synth 8-6157] synthesizing module 'cv32e40x_wpt' [D:/KachiCodeRsp/customriscv/cv32e40x/rtl/cv32e40x_wpt.sv:31]
INFO: [Synth 8-6155] done synthesizing module 'cv32e40x_wpt' (24#1) [D:/KachiCodeRsp/customriscv/cv32e40x/rtl/cv32e40x_wpt.sv:31]
INFO: [Synth 8-226] default block is never used [D:/KachiCodeRsp/customriscv/cv32e40x/rtl/cv32e40x_load_store_unit.sv:234]
INFO: [Synth 8-226] default block is never used [D:/KachiCodeRsp/customriscv/cv32e40x/rtl/cv32e40x_load_store_unit.sv:246]
INFO: [Synth 8-226] default block is never used [D:/KachiCodeRsp/customriscv/cv32e40x/rtl/cv32e40x_load_store_unit.sv:263]
INFO: [Synth 8-226] default block is never used [D:/KachiCodeRsp/customriscv/cv32e40x/rtl/cv32e40x_load_store_unit.sv:273]
INFO: [Synth 8-226] default block is never used [D:/KachiCodeRsp/customriscv/cv32e40x/rtl/cv32e40x_load_store_unit.sv:290]
INFO: [Synth 8-226] default block is never used [D:/KachiCodeRsp/customriscv/cv32e40x/rtl/cv32e40x_load_store_unit.sv:629]
INFO: [Synth 8-6157] synthesizing module 'cv32e40x_mpu__parameterized0' [D:/KachiCodeRsp/customriscv/cv32e40x/rtl/cv32e40x_mpu.sv:26]
	Parameter IF_STAGE bound to: 1'b0 
	Parameter A_EXT bound to: 2'b00 
	Parameter PMA_NUM_REGIONS bound to: 32'sb00000000000000000000000000000000 
	Parameter PMA_CFG bound to: 136'b0000000000000000000000000000000000000000000000000000000000000000000000000000000000000000000000000000000000000000000000000000000000000000 
	Parameter DEBUG bound to: 1'b1 
	Parameter DM_REGION_START bound to: -268435456 - type: integer 
	Parameter DM_REGION_END bound to: -268419073 - type: integer 
INFO: [Synth 8-6155] done synthesizing module 'cv32e40x_mpu__parameterized0' (24#1) [D:/KachiCodeRsp/customriscv/cv32e40x/rtl/cv32e40x_mpu.sv:26]
INFO: [Synth 8-6157] synthesizing module 'cv32e40x_align_check' [D:/KachiCodeRsp/customriscv/cv32e40x/rtl/cv32e40x_align_check.sv:26]
	Parameter IF_STAGE bound to: 1'b0 
INFO: [Synth 8-6155] done synthesizing module 'cv32e40x_align_check' (25#1) [D:/KachiCodeRsp/customriscv/cv32e40x/rtl/cv32e40x_align_check.sv:26]
INFO: [Synth 8-6157] synthesizing module 'cv32e40x_lsu_response_filter' [D:/KachiCodeRsp/customriscv/cv32e40x/rtl/cv32e40x_lsu_response_filter.sv:33]
	Parameter DEPTH bound to: 32'b00000000000000000000000000000010 
	Parameter CNT_WIDTH bound to: 2 - type: integer 
WARNING: [Synth 8-5858] RAM outstanding_next_reg from Abstract Data Type (record/struct) for this pattern/configuration is not supported. This will most likely be implemented in registers
WARNING: [Synth 8-5858] RAM outstanding_q_reg from Abstract Data Type (record/struct) for this pattern/configuration is not supported. This will most likely be implemented in registers
INFO: [Synth 8-6155] done synthesizing module 'cv32e40x_lsu_response_filter' (26#1) [D:/KachiCodeRsp/customriscv/cv32e40x/rtl/cv32e40x_lsu_response_filter.sv:33]
INFO: [Synth 8-6157] synthesizing module 'cv32e40x_write_buffer' [D:/KachiCodeRsp/customriscv/cv32e40x/rtl/cv32e40x_write_buffer.sv:32]
	Parameter PMA_NUM_REGIONS bound to: 32'sb00000000000000000000000000000000 
	Parameter PMA_CFG bound to: 136'b0000000000000000000000000000000000000000000000000000000000000000000000000000000000000000000000000000000000000000000000000000000000000000 
INFO: [Synth 8-226] default block is never used [D:/KachiCodeRsp/customriscv/cv32e40x/rtl/cv32e40x_write_buffer.sv:76]
INFO: [Synth 8-6155] done synthesizing module 'cv32e40x_write_buffer' (27#1) [D:/KachiCodeRsp/customriscv/cv32e40x/rtl/cv32e40x_write_buffer.sv:32]
INFO: [Synth 8-6157] synthesizing module 'cv32e40x_data_obi_interface' [D:/KachiCodeRsp/customriscv/cv32e40x/rtl/cv32e40x_data_obi_interface.sv:38]
INFO: [Synth 8-6155] done synthesizing module 'cv32e40x_data_obi_interface' (28#1) [D:/KachiCodeRsp/customriscv/cv32e40x/rtl/cv32e40x_data_obi_interface.sv:38]
WARNING: [Synth 8-6014] Unused sequential element last_q_reg was removed.  [D:/KachiCodeRsp/customriscv/cv32e40x/rtl/cv32e40x_load_store_unit.sv:308]
INFO: [Synth 8-6155] done synthesizing module 'cv32e40x_load_store_unit' (29#1) [D:/KachiCodeRsp/customriscv/cv32e40x/rtl/cv32e40x_load_store_unit.sv:28]
INFO: [Synth 8-6157] synthesizing module 'cv32e40x_wb_stage' [D:/KachiCodeRsp/customriscv/cv32e40x/rtl/cv32e40x_wb_stage.sv:37]
	Parameter DEBUG bound to: 1'b1 
INFO: [Synth 8-6155] done synthesizing module 'cv32e40x_wb_stage' (30#1) [D:/KachiCodeRsp/customriscv/cv32e40x/rtl/cv32e40x_wb_stage.sv:37]
INFO: [Synth 8-6157] synthesizing module 'cv32e40x_cs_registers' [D:/KachiCodeRsp/customriscv/cv32e40x/rtl/cv32e40x_cs_registers.sv:30]
	Parameter RV32 bound to: 1'b0 
	Parameter A_EXT bound to: 2'b00 
	Parameter M_EXT bound to: 2'b01 
	Parameter X_EXT bound to: 1'b0 
	Parameter X_MISA bound to: 0 - type: integer 
	Parameter X_ECS_XS bound to: 2'b00 
	Parameter ZC_EXT bound to: 4'b0101 
	Parameter CLIC bound to: 1'b0 
	Parameter CLIC_ID_WIDTH bound to: 32'b00000000000000000000000000000101 
	Parameter NUM_MHPMCOUNTERS bound to: 32'b00000000000000000000000000000001 
	Parameter DEBUG bound to: 1'b1 
	Parameter DBG_NUM_TRIGGERS bound to: 32'sb00000000000000000000000000000001 
	Parameter MTVT_ADDR_WIDTH bound to: 32'b00000000000000000000000000011001 
	Parameter CORE_MISA bound to: 32'b01000000100000000001000100000100 
	Parameter ZIHPM bound to: 1'b1 
	Parameter ZICNTR bound to: 1'b1 
	Parameter MISA_VALUE bound to: 32'b01000000100000000001000100000100 
	Parameter CSR_MTVT_MASK bound to: 32'b11111111111111111111111110000000 
	Parameter HPM_EVENT_FLOP bound to: 16'b1111111111000000 
	Parameter MHPMCOUNTERS_MASK bound to: 29'b00000000000000000000000000001 
	Parameter MCOUNTINHIBIT_MASK bound to: 32'b00000000000000000000000000001101 
INFO: [Synth 8-6157] synthesizing module 'cv32e40x_csr' [D:/KachiCodeRsp/customriscv/cv32e40x/rtl/cv32e40x_csr.sv:10]
	Parameter WIDTH bound to: 32'b00000000000000000000000000100000 
	Parameter RESETVALUE bound to: 0 - type: integer 
	Parameter MASK bound to: -1 - type: integer 
INFO: [Synth 8-6155] done synthesizing module 'cv32e40x_csr' (31#1) [D:/KachiCodeRsp/customriscv/cv32e40x/rtl/cv32e40x_csr.sv:10]
INFO: [Synth 8-6157] synthesizing module 'cv32e40x_csr__parameterized0' [D:/KachiCodeRsp/customriscv/cv32e40x/rtl/cv32e40x_csr.sv:10]
	Parameter WIDTH bound to: 32'b00000000000000000000000000100000 
	Parameter RESETVALUE bound to: 32'b01000000000000000000010000010011 
	Parameter MASK bound to: 36292 - type: integer 
INFO: [Synth 8-6155] done synthesizing module 'cv32e40x_csr__parameterized0' (31#1) [D:/KachiCodeRsp/customriscv/cv32e40x/rtl/cv32e40x_csr.sv:10]
INFO: [Synth 8-6157] synthesizing module 'cv32e40x_csr__parameterized1' [D:/KachiCodeRsp/customriscv/cv32e40x/rtl/cv32e40x_csr.sv:10]
	Parameter WIDTH bound to: 32'b00000000000000000000000000100000 
	Parameter RESETVALUE bound to: 0 - type: integer 
	Parameter MASK bound to: -2 - type: integer 
INFO: [Synth 8-6155] done synthesizing module 'cv32e40x_csr__parameterized1' (31#1) [D:/KachiCodeRsp/customriscv/cv32e40x/rtl/cv32e40x_csr.sv:10]
INFO: [Synth 8-6157] synthesizing module 'cv32e40x_csr__parameterized2' [D:/KachiCodeRsp/customriscv/cv32e40x/rtl/cv32e40x_csr.sv:10]
	Parameter WIDTH bound to: 32'b00000000000000000000000000100000 
	Parameter RESETVALUE bound to: 32'b00000000000000000000000000000000 
	Parameter MASK bound to: -2147481601 - type: integer 
INFO: [Synth 8-6155] done synthesizing module 'cv32e40x_csr__parameterized2' (31#1) [D:/KachiCodeRsp/customriscv/cv32e40x/rtl/cv32e40x_csr.sv:10]
INFO: [Synth 8-6157] synthesizing module 'cv32e40x_csr__parameterized3' [D:/KachiCodeRsp/customriscv/cv32e40x/rtl/cv32e40x_csr.sv:10]
	Parameter WIDTH bound to: 32'b00000000000000000000000000100000 
	Parameter RESETVALUE bound to: 32'b00000000000000000000000000000001 
	Parameter MASK bound to: -127 - type: integer 
INFO: [Synth 8-6155] done synthesizing module 'cv32e40x_csr__parameterized3' (31#1) [D:/KachiCodeRsp/customriscv/cv32e40x/rtl/cv32e40x_csr.sv:10]
INFO: [Synth 8-6157] synthesizing module 'cv32e40x_csr__parameterized4' [D:/KachiCodeRsp/customriscv/cv32e40x/rtl/cv32e40x_csr.sv:10]
	Parameter WIDTH bound to: 32'b00000000000000000000000000100000 
	Parameter RESETVALUE bound to: 0 - type: integer 
	Parameter MASK bound to: -63352 - type: integer 
INFO: [Synth 8-6155] done synthesizing module 'cv32e40x_csr__parameterized4' (31#1) [D:/KachiCodeRsp/customriscv/cv32e40x/rtl/cv32e40x_csr.sv:10]
INFO: [Synth 8-294] found qualifier unique on case statement: implementing as parallel_case [D:/KachiCodeRsp/customriscv/cv32e40x/rtl/cv32e40x_cs_registers.sv:1059]
INFO: [Synth 8-226] default block is never used [D:/KachiCodeRsp/customriscv/cv32e40x/rtl/cv32e40x_cs_registers.sv:1198]
INFO: [Synth 8-6157] synthesizing module 'cv32e40x_csr__parameterized5' [D:/KachiCodeRsp/customriscv/cv32e40x/rtl/cv32e40x_csr.sv:10]
	Parameter WIDTH bound to: 32'b00000000000000000000000000100000 
	Parameter RESETVALUE bound to: 0 - type: integer 
	Parameter MASK bound to: -64 - type: integer 
INFO: [Synth 8-6155] done synthesizing module 'cv32e40x_csr__parameterized5' (31#1) [D:/KachiCodeRsp/customriscv/cv32e40x/rtl/cv32e40x_csr.sv:10]
INFO: [Synth 8-6157] synthesizing module 'cv32e40x_csr__parameterized6' [D:/KachiCodeRsp/customriscv/cv32e40x/rtl/cv32e40x_csr.sv:10]
	Parameter WIDTH bound to: 32'b00000000000000000000000000100000 
	Parameter RESETVALUE bound to: 32'b00000000000000000001100000000000 
	Parameter MASK bound to: 136 - type: integer 
INFO: [Synth 8-6155] done synthesizing module 'cv32e40x_csr__parameterized6' (31#1) [D:/KachiCodeRsp/customriscv/cv32e40x/rtl/cv32e40x_csr.sv:10]
INFO: [Synth 8-6157] synthesizing module 'cv32e40x_debug_triggers' [D:/KachiCodeRsp/customriscv/cv32e40x/rtl/cv32e40x_debug_triggers.sv:32]
	Parameter DBG_NUM_TRIGGERS bound to: 32'sb00000000000000000000000000000001 
	Parameter A_EXT bound to: 2'b00 
	Parameter ETRIGGER_TDATA2_MASK bound to: 32'b00000001000000000000100010101110 
INFO: [Synth 8-6157] synthesizing module 'cv32e40x_csr__parameterized7' [D:/KachiCodeRsp/customriscv/cv32e40x/rtl/cv32e40x_csr.sv:10]
	Parameter WIDTH bound to: 32'b00000000000000000000000000100000 
	Parameter RESETVALUE bound to: 32'b00101000000000000001000000000000 
	Parameter MASK bound to: -1 - type: integer 
INFO: [Synth 8-6155] done synthesizing module 'cv32e40x_csr__parameterized7' (31#1) [D:/KachiCodeRsp/customriscv/cv32e40x/rtl/cv32e40x_csr.sv:10]
INFO: [Synth 8-6155] done synthesizing module 'cv32e40x_debug_triggers' (32#1) [D:/KachiCodeRsp/customriscv/cv32e40x/rtl/cv32e40x_debug_triggers.sv:32]
WARNING: [Synth 8-3936] Found unconnected internal register 'mhpmevent_n_reg[3]' and it is trimmed from '32' to '16' bits. [D:/KachiCodeRsp/customriscv/cv32e40x/rtl/cv32e40x_cs_registers.sv:1778]
INFO: [Synth 8-6155] done synthesizing module 'cv32e40x_cs_registers' (33#1) [D:/KachiCodeRsp/customriscv/cv32e40x/rtl/cv32e40x_cs_registers.sv:30]
INFO: [Synth 8-6157] synthesizing module 'cv32e40x_controller' [D:/KachiCodeRsp/customriscv/cv32e40x/rtl/cv32e40x_controller.sv:32]
	Parameter X_EXT bound to: 1'b0 
	Parameter A_EXT bound to: 2'b00 
	Parameter REGFILE_NUM_READ_PORTS bound to: 32'b00000000000000000000000000000010 
	Parameter CLIC bound to: 1'b0 
	Parameter CLIC_ID_WIDTH bound to: 32'b00000000000000000000000000000101 
	Parameter RV32 bound to: 1'b0 
	Parameter DEBUG bound to: 1'b1 
INFO: [Synth 8-6157] synthesizing module 'cv32e40x_controller_fsm' [D:/KachiCodeRsp/customriscv/cv32e40x/rtl/cv32e40x_controller_fsm.sv:32]
	Parameter X_EXT bound to: 1'b0 
	Parameter DEBUG bound to: 1'b1 
	Parameter CLIC bound to: 1'b0 
	Parameter CLIC_ID_WIDTH bound to: 32'b00000000000000000000000000000101 
	Parameter RV32 bound to: 1'b0 
INFO: [Synth 8-294] found qualifier unique on case statement: implementing as parallel_case [D:/KachiCodeRsp/customriscv/cv32e40x/rtl/cv32e40x_controller_fsm.sv:602]
INFO: [Synth 8-226] default block is never used [D:/KachiCodeRsp/customriscv/cv32e40x/rtl/cv32e40x_controller_fsm.sv:602]
INFO: [Synth 8-294] found qualifier unique on case statement: implementing as parallel_case [D:/KachiCodeRsp/customriscv/cv32e40x/rtl/cv32e40x_controller_fsm.sv:709]
INFO: [Synth 8-226] default block is never used [D:/KachiCodeRsp/customriscv/cv32e40x/rtl/cv32e40x_controller_fsm.sv:709]
INFO: [Synth 8-6155] done synthesizing module 'cv32e40x_controller_fsm' (34#1) [D:/KachiCodeRsp/customriscv/cv32e40x/rtl/cv32e40x_controller_fsm.sv:32]
INFO: [Synth 8-6157] synthesizing module 'cv32e40x_controller_bypass' [D:/KachiCodeRsp/customriscv/cv32e40x/rtl/cv32e40x_controller_bypass.sv:33]
	Parameter REGFILE_NUM_READ_PORTS bound to: 32'b00000000000000000000000000000010 
	Parameter A_EXT bound to: 2'b00 
INFO: [Synth 8-6155] done synthesizing module 'cv32e40x_controller_bypass' (35#1) [D:/KachiCodeRsp/customriscv/cv32e40x/rtl/cv32e40x_controller_bypass.sv:33]
INFO: [Synth 8-6155] done synthesizing module 'cv32e40x_controller' (36#1) [D:/KachiCodeRsp/customriscv/cv32e40x/rtl/cv32e40x_controller.sv:32]
INFO: [Synth 8-6157] synthesizing module 'cv32e40x_register_file_wrapper' [D:/KachiCodeRsp/customriscv/cv32e40x/rtl/cv32e40x_register_file_wrapper.sv:31]
	Parameter REGFILE_NUM_READ_PORTS bound to: 32'b00000000000000000000000000000010 
	Parameter RV32 bound to: 1'b0 
INFO: [Synth 8-6157] synthesizing module 'cv32e40x_register_file' [D:/KachiCodeRsp/customriscv/cv32e40x/rtl/cv32e40x_register_file.sv:29]
	Parameter REGFILE_NUM_READ_PORTS bound to: 32'b00000000000000000000000000000010 
	Parameter RV32 bound to: 1'b0 
	Parameter REGFILE_NUM_WORDS bound to: 32 - type: integer 
	Parameter REGFILE_IMPL_ADDR_WIDTH bound to: 5 - type: integer 
INFO: [Synth 8-6155] done synthesizing module 'cv32e40x_register_file' (37#1) [D:/KachiCodeRsp/customriscv/cv32e40x/rtl/cv32e40x_register_file.sv:29]
INFO: [Synth 8-6155] done synthesizing module 'cv32e40x_register_file_wrapper' (38#1) [D:/KachiCodeRsp/customriscv/cv32e40x/rtl/cv32e40x_register_file_wrapper.sv:31]
INFO: [Synth 8-6155] done synthesizing module 'cv32e40x_core' (39#1) [D:/KachiCodeRsp/customriscv/cv32e40x/rtl/cv32e40x_core.sv:32]
WARNING: [Synth 8-3848] Net xif_compressed_if\.issue_valid in module/entity cv32e40x_fpga_top does not have driver. [D:/KachiCodeRsp/customriscv/cv32e40x/rtl/cv32e40x_if_xif.sv:127]
WARNING: [Synth 8-3848] Net xif_compressed_if\.issue_ready in module/entity cv32e40x_fpga_top does not have driver. [D:/KachiCodeRsp/customriscv/cv32e40x/rtl/cv32e40x_if_xif.sv:128]
WARNING: [Synth 8-3848] Net xif_compressed_if\.issue_req[instr] in module/entity cv32e40x_fpga_top does not have driver. [D:/KachiCodeRsp/customriscv/cv32e40x/rtl/cv32e40x_if_xif.sv:129]
WARNING: [Synth 8-3848] Net xif_compressed_if\.issue_req[mode] in module/entity cv32e40x_fpga_top does not have driver. [D:/KachiCodeRsp/customriscv/cv32e40x/rtl/cv32e40x_if_xif.sv:129]
WARNING: [Synth 8-3848] Net xif_compressed_if\.issue_req[id] in module/entity cv32e40x_fpga_top does not have driver. [D:/KachiCodeRsp/customriscv/cv32e40x/rtl/cv32e40x_if_xif.sv:129]
WARNING: [Synth 8-3848] Net xif_compressed_if\.issue_req[rs][1] in module/entity cv32e40x_fpga_top does not have driver. [D:/KachiCodeRsp/customriscv/cv32e40x/rtl/cv32e40x_if_xif.sv:129]
WARNING: [Synth 8-3848] Net xif_compressed_if\.issue_req[rs][0] in module/entity cv32e40x_fpga_top does not have driver. [D:/KachiCodeRsp/customriscv/cv32e40x/rtl/cv32e40x_if_xif.sv:129]
WARNING: [Synth 8-3848] Net xif_compressed_if\.issue_req[rs_valid] in module/entity cv32e40x_fpga_top does not have driver. [D:/KachiCodeRsp/customriscv/cv32e40x/rtl/cv32e40x_if_xif.sv:129]
WARNING: [Synth 8-3848] Net xif_compressed_if\.issue_req[ecs] in module/entity cv32e40x_fpga_top does not have driver. [D:/KachiCodeRsp/customriscv/cv32e40x/rtl/cv32e40x_if_xif.sv:129]
WARNING: [Synth 8-3848] Net xif_compressed_if\.issue_req[ecs_valid] in module/entity cv32e40x_fpga_top does not have driver. [D:/KachiCodeRsp/customriscv/cv32e40x/rtl/cv32e40x_if_xif.sv:129]
WARNING: [Synth 8-3848] Net xif_compressed_if\.issue_resp[accept] in module/entity cv32e40x_fpga_top does not have driver. [D:/KachiCodeRsp/customriscv/cv32e40x/rtl/cv32e40x_if_xif.sv:130]
WARNING: [Synth 8-3848] Net xif_compressed_if\.issue_resp[writeback] in module/entity cv32e40x_fpga_top does not have driver. [D:/KachiCodeRsp/customriscv/cv32e40x/rtl/cv32e40x_if_xif.sv:130]
WARNING: [Synth 8-3848] Net xif_compressed_if\.issue_resp[dualwrite] in module/entity cv32e40x_fpga_top does not have driver. [D:/KachiCodeRsp/customriscv/cv32e40x/rtl/cv32e40x_if_xif.sv:130]
WARNING: [Synth 8-3848] Net xif_compressed_if\.issue_resp[dualread] in module/entity cv32e40x_fpga_top does not have driver. [D:/KachiCodeRsp/customriscv/cv32e40x/rtl/cv32e40x_if_xif.sv:130]
WARNING: [Synth 8-3848] Net xif_compressed_if\.issue_resp[loadstore] in module/entity cv32e40x_fpga_top does not have driver. [D:/KachiCodeRsp/customriscv/cv32e40x/rtl/cv32e40x_if_xif.sv:130]
WARNING: [Synth 8-3848] Net xif_compressed_if\.issue_resp[ecswrite] in module/entity cv32e40x_fpga_top does not have driver. [D:/KachiCodeRsp/customriscv/cv32e40x/rtl/cv32e40x_if_xif.sv:130]
WARNING: [Synth 8-3848] Net xif_compressed_if\.issue_resp[exc] in module/entity cv32e40x_fpga_top does not have driver. [D:/KachiCodeRsp/customriscv/cv32e40x/rtl/cv32e40x_if_xif.sv:130]
WARNING: [Synth 8-3848] Net xif_compressed_if\.commit_valid in module/entity cv32e40x_fpga_top does not have driver. [D:/KachiCodeRsp/customriscv/cv32e40x/rtl/cv32e40x_if_xif.sv:133]
WARNING: [Synth 8-3848] Net xif_compressed_if\.commit[id] in module/entity cv32e40x_fpga_top does not have driver. [D:/KachiCodeRsp/customriscv/cv32e40x/rtl/cv32e40x_if_xif.sv:134]
WARNING: [Synth 8-3848] Net xif_compressed_if\.commit[commit_kill] in module/entity cv32e40x_fpga_top does not have driver. [D:/KachiCodeRsp/customriscv/cv32e40x/rtl/cv32e40x_if_xif.sv:134]
WARNING: [Synth 8-3848] Net xif_compressed_if\.mem_valid in module/entity cv32e40x_fpga_top does not have driver. [D:/KachiCodeRsp/customriscv/cv32e40x/rtl/cv32e40x_if_xif.sv:137]
WARNING: [Synth 8-3848] Net xif_compressed_if\.mem_ready in module/entity cv32e40x_fpga_top does not have driver. [D:/KachiCodeRsp/customriscv/cv32e40x/rtl/cv32e40x_if_xif.sv:138]
WARNING: [Synth 8-3848] Net xif_compressed_if\.mem_req[id] in module/entity cv32e40x_fpga_top does not have driver. [D:/KachiCodeRsp/customriscv/cv32e40x/rtl/cv32e40x_if_xif.sv:139]
WARNING: [Synth 8-3848] Net xif_compressed_if\.mem_req[addr] in module/entity cv32e40x_fpga_top does not have driver. [D:/KachiCodeRsp/customriscv/cv32e40x/rtl/cv32e40x_if_xif.sv:139]
WARNING: [Synth 8-3848] Net xif_compressed_if\.mem_req[mode] in module/entity cv32e40x_fpga_top does not have driver. [D:/KachiCodeRsp/customriscv/cv32e40x/rtl/cv32e40x_if_xif.sv:139]
WARNING: [Synth 8-3848] Net xif_compressed_if\.mem_req[we] in module/entity cv32e40x_fpga_top does not have driver. [D:/KachiCodeRsp/customriscv/cv32e40x/rtl/cv32e40x_if_xif.sv:139]
WARNING: [Synth 8-3848] Net xif_compressed_if\.mem_req[size] in module/entity cv32e40x_fpga_top does not have driver. [D:/KachiCodeRsp/customriscv/cv32e40x/rtl/cv32e40x_if_xif.sv:139]
WARNING: [Synth 8-3848] Net xif_compressed_if\.mem_req[be] in module/entity cv32e40x_fpga_top does not have driver. [D:/KachiCodeRsp/customriscv/cv32e40x/rtl/cv32e40x_if_xif.sv:139]
WARNING: [Synth 8-3848] Net xif_compressed_if\.mem_req[attr] in module/entity cv32e40x_fpga_top does not have driver. [D:/KachiCodeRsp/customriscv/cv32e40x/rtl/cv32e40x_if_xif.sv:139]
WARNING: [Synth 8-3848] Net xif_compressed_if\.mem_req[wdata] in module/entity cv32e40x_fpga_top does not have driver. [D:/KachiCodeRsp/customriscv/cv32e40x/rtl/cv32e40x_if_xif.sv:139]
WARNING: [Synth 8-3848] Net xif_compressed_if\.mem_req[last] in module/entity cv32e40x_fpga_top does not have driver. [D:/KachiCodeRsp/customriscv/cv32e40x/rtl/cv32e40x_if_xif.sv:139]
WARNING: [Synth 8-3848] Net xif_compressed_if\.mem_req[spec] in module/entity cv32e40x_fpga_top does not have driver. [D:/KachiCodeRsp/customriscv/cv32e40x/rtl/cv32e40x_if_xif.sv:139]
WARNING: [Synth 8-3848] Net xif_compressed_if\.mem_resp[exc] in module/entity cv32e40x_fpga_top does not have driver. [D:/KachiCodeRsp/customriscv/cv32e40x/rtl/cv32e40x_if_xif.sv:140]
WARNING: [Synth 8-3848] Net xif_compressed_if\.mem_resp[exccode] in module/entity cv32e40x_fpga_top does not have driver. [D:/KachiCodeRsp/customriscv/cv32e40x/rtl/cv32e40x_if_xif.sv:140]
WARNING: [Synth 8-3848] Net xif_compressed_if\.mem_resp[dbg] in module/entity cv32e40x_fpga_top does not have driver. [D:/KachiCodeRsp/customriscv/cv32e40x/rtl/cv32e40x_if_xif.sv:140]
WARNING: [Synth 8-3848] Net xif_compressed_if\.mem_result_valid in module/entity cv32e40x_fpga_top does not have driver. [D:/KachiCodeRsp/customriscv/cv32e40x/rtl/cv32e40x_if_xif.sv:143]
WARNING: [Synth 8-3848] Net xif_compressed_if\.mem_result[id] in module/entity cv32e40x_fpga_top does not have driver. [D:/KachiCodeRsp/customriscv/cv32e40x/rtl/cv32e40x_if_xif.sv:144]
WARNING: [Synth 8-3848] Net xif_compressed_if\.mem_result[rdata] in module/entity cv32e40x_fpga_top does not have driver. [D:/KachiCodeRsp/customriscv/cv32e40x/rtl/cv32e40x_if_xif.sv:144]
WARNING: [Synth 8-3848] Net xif_compressed_if\.mem_result[err] in module/entity cv32e40x_fpga_top does not have driver. [D:/KachiCodeRsp/customriscv/cv32e40x/rtl/cv32e40x_if_xif.sv:144]
WARNING: [Synth 8-3848] Net xif_compressed_if\.mem_result[dbg] in module/entity cv32e40x_fpga_top does not have driver. [D:/KachiCodeRsp/customriscv/cv32e40x/rtl/cv32e40x_if_xif.sv:144]
WARNING: [Synth 8-3848] Net xif_compressed_if\.result_valid in module/entity cv32e40x_fpga_top does not have driver. [D:/KachiCodeRsp/customriscv/cv32e40x/rtl/cv32e40x_if_xif.sv:147]
WARNING: [Synth 8-3848] Net xif_compressed_if\.result_ready in module/entity cv32e40x_fpga_top does not have driver. [D:/KachiCodeRsp/customriscv/cv32e40x/rtl/cv32e40x_if_xif.sv:148]
WARNING: [Synth 8-3848] Net xif_compressed_if\.result[id] in module/entity cv32e40x_fpga_top does not have driver. [D:/KachiCodeRsp/customriscv/cv32e40x/rtl/cv32e40x_if_xif.sv:149]
WARNING: [Synth 8-3848] Net xif_compressed_if\.result[data] in module/entity cv32e40x_fpga_top does not have driver. [D:/KachiCodeRsp/customriscv/cv32e40x/rtl/cv32e40x_if_xif.sv:149]
WARNING: [Synth 8-3848] Net xif_compressed_if\.result[rd] in module/entity cv32e40x_fpga_top does not have driver. [D:/KachiCodeRsp/customriscv/cv32e40x/rtl/cv32e40x_if_xif.sv:149]
WARNING: [Synth 8-3848] Net xif_compressed_if\.result[we] in module/entity cv32e40x_fpga_top does not have driver. [D:/KachiCodeRsp/customriscv/cv32e40x/rtl/cv32e40x_if_xif.sv:149]
WARNING: [Synth 8-3848] Net xif_compressed_if\.result[ecsdata] in module/entity cv32e40x_fpga_top does not have driver. [D:/KachiCodeRsp/customriscv/cv32e40x/rtl/cv32e40x_if_xif.sv:149]
WARNING: [Synth 8-3848] Net xif_compressed_if\.result[ecswe] in module/entity cv32e40x_fpga_top does not have driver. [D:/KachiCodeRsp/customriscv/cv32e40x/rtl/cv32e40x_if_xif.sv:149]
WARNING: [Synth 8-3848] Net xif_compressed_if\.result[exc] in module/entity cv32e40x_fpga_top does not have driver. [D:/KachiCodeRsp/customriscv/cv32e40x/rtl/cv32e40x_if_xif.sv:149]
WARNING: [Synth 8-3848] Net xif_compressed_if\.result[exccode] in module/entity cv32e40x_fpga_top does not have driver. [D:/KachiCodeRsp/customriscv/cv32e40x/rtl/cv32e40x_if_xif.sv:149]
WARNING: [Synth 8-3848] Net xif_compressed_if\.result[err] in module/entity cv32e40x_fpga_top does not have driver. [D:/KachiCodeRsp/customriscv/cv32e40x/rtl/cv32e40x_if_xif.sv:149]
WARNING: [Synth 8-3848] Net xif_compressed_if\.result[dbg] in module/entity cv32e40x_fpga_top does not have driver. [D:/KachiCodeRsp/customriscv/cv32e40x/rtl/cv32e40x_if_xif.sv:149]
WARNING: [Synth 8-3848] Net xif_issue_if\.compressed_valid in module/entity cv32e40x_fpga_top does not have driver. [D:/KachiCodeRsp/customriscv/cv32e40x/rtl/cv32e40x_if_xif.sv:121]
WARNING: [Synth 8-3848] Net xif_issue_if\.compressed_ready in module/entity cv32e40x_fpga_top does not have driver. [D:/KachiCodeRsp/customriscv/cv32e40x/rtl/cv32e40x_if_xif.sv:122]
WARNING: [Synth 8-3848] Net xif_issue_if\.compressed_req[instr] in module/entity cv32e40x_fpga_top does not have driver. [D:/KachiCodeRsp/customriscv/cv32e40x/rtl/cv32e40x_if_xif.sv:123]
WARNING: [Synth 8-3848] Net xif_issue_if\.compressed_req[mode] in module/entity cv32e40x_fpga_top does not have driver. [D:/KachiCodeRsp/customriscv/cv32e40x/rtl/cv32e40x_if_xif.sv:123]
WARNING: [Synth 8-3848] Net xif_issue_if\.compressed_req[id] in module/entity cv32e40x_fpga_top does not have driver. [D:/KachiCodeRsp/customriscv/cv32e40x/rtl/cv32e40x_if_xif.sv:123]
WARNING: [Synth 8-3848] Net xif_issue_if\.compressed_resp[instr] in module/entity cv32e40x_fpga_top does not have driver. [D:/KachiCodeRsp/customriscv/cv32e40x/rtl/cv32e40x_if_xif.sv:124]
WARNING: [Synth 8-3848] Net xif_issue_if\.compressed_resp[accept] in module/entity cv32e40x_fpga_top does not have driver. [D:/KachiCodeRsp/customriscv/cv32e40x/rtl/cv32e40x_if_xif.sv:124]
WARNING: [Synth 8-3848] Net xif_issue_if\.commit_valid in module/entity cv32e40x_fpga_top does not have driver. [D:/KachiCodeRsp/customriscv/cv32e40x/rtl/cv32e40x_if_xif.sv:133]
WARNING: [Synth 8-3848] Net xif_issue_if\.commit[id] in module/entity cv32e40x_fpga_top does not have driver. [D:/KachiCodeRsp/customriscv/cv32e40x/rtl/cv32e40x_if_xif.sv:134]
WARNING: [Synth 8-3848] Net xif_issue_if\.commit[commit_kill] in module/entity cv32e40x_fpga_top does not have driver. [D:/KachiCodeRsp/customriscv/cv32e40x/rtl/cv32e40x_if_xif.sv:134]
WARNING: [Synth 8-3848] Net xif_issue_if\.mem_valid in module/entity cv32e40x_fpga_top does not have driver. [D:/KachiCodeRsp/customriscv/cv32e40x/rtl/cv32e40x_if_xif.sv:137]
WARNING: [Synth 8-3848] Net xif_issue_if\.mem_ready in module/entity cv32e40x_fpga_top does not have driver. [D:/KachiCodeRsp/customriscv/cv32e40x/rtl/cv32e40x_if_xif.sv:138]
WARNING: [Synth 8-3848] Net xif_issue_if\.mem_req[id] in module/entity cv32e40x_fpga_top does not have driver. [D:/KachiCodeRsp/customriscv/cv32e40x/rtl/cv32e40x_if_xif.sv:139]
WARNING: [Synth 8-3848] Net xif_issue_if\.mem_req[addr] in module/entity cv32e40x_fpga_top does not have driver. [D:/KachiCodeRsp/customriscv/cv32e40x/rtl/cv32e40x_if_xif.sv:139]
WARNING: [Synth 8-3848] Net xif_issue_if\.mem_req[mode] in module/entity cv32e40x_fpga_top does not have driver. [D:/KachiCodeRsp/customriscv/cv32e40x/rtl/cv32e40x_if_xif.sv:139]
WARNING: [Synth 8-3848] Net xif_issue_if\.mem_req[we] in module/entity cv32e40x_fpga_top does not have driver. [D:/KachiCodeRsp/customriscv/cv32e40x/rtl/cv32e40x_if_xif.sv:139]
WARNING: [Synth 8-3848] Net xif_issue_if\.mem_req[size] in module/entity cv32e40x_fpga_top does not have driver. [D:/KachiCodeRsp/customriscv/cv32e40x/rtl/cv32e40x_if_xif.sv:139]
WARNING: [Synth 8-3848] Net xif_issue_if\.mem_req[be] in module/entity cv32e40x_fpga_top does not have driver. [D:/KachiCodeRsp/customriscv/cv32e40x/rtl/cv32e40x_if_xif.sv:139]
WARNING: [Synth 8-3848] Net xif_issue_if\.mem_req[attr] in module/entity cv32e40x_fpga_top does not have driver. [D:/KachiCodeRsp/customriscv/cv32e40x/rtl/cv32e40x_if_xif.sv:139]
WARNING: [Synth 8-3848] Net xif_issue_if\.mem_req[wdata] in module/entity cv32e40x_fpga_top does not have driver. [D:/KachiCodeRsp/customriscv/cv32e40x/rtl/cv32e40x_if_xif.sv:139]
WARNING: [Synth 8-3848] Net xif_issue_if\.mem_req[last] in module/entity cv32e40x_fpga_top does not have driver. [D:/KachiCodeRsp/customriscv/cv32e40x/rtl/cv32e40x_if_xif.sv:139]
WARNING: [Synth 8-3848] Net xif_issue_if\.mem_req[spec] in module/entity cv32e40x_fpga_top does not have driver. [D:/KachiCodeRsp/customriscv/cv32e40x/rtl/cv32e40x_if_xif.sv:139]
WARNING: [Synth 8-3848] Net xif_issue_if\.mem_resp[exc] in module/entity cv32e40x_fpga_top does not have driver. [D:/KachiCodeRsp/customriscv/cv32e40x/rtl/cv32e40x_if_xif.sv:140]
WARNING: [Synth 8-3848] Net xif_issue_if\.mem_resp[exccode] in module/entity cv32e40x_fpga_top does not have driver. [D:/KachiCodeRsp/customriscv/cv32e40x/rtl/cv32e40x_if_xif.sv:140]
WARNING: [Synth 8-3848] Net xif_issue_if\.mem_resp[dbg] in module/entity cv32e40x_fpga_top does not have driver. [D:/KachiCodeRsp/customriscv/cv32e40x/rtl/cv32e40x_if_xif.sv:140]
WARNING: [Synth 8-3848] Net xif_issue_if\.mem_result_valid in module/entity cv32e40x_fpga_top does not have driver. [D:/KachiCodeRsp/customriscv/cv32e40x/rtl/cv32e40x_if_xif.sv:143]
WARNING: [Synth 8-3848] Net xif_issue_if\.mem_result[id] in module/entity cv32e40x_fpga_top does not have driver. [D:/KachiCodeRsp/customriscv/cv32e40x/rtl/cv32e40x_if_xif.sv:144]
WARNING: [Synth 8-3848] Net xif_issue_if\.mem_result[rdata] in module/entity cv32e40x_fpga_top does not have driver. [D:/KachiCodeRsp/customriscv/cv32e40x/rtl/cv32e40x_if_xif.sv:144]
WARNING: [Synth 8-3848] Net xif_issue_if\.mem_result[err] in module/entity cv32e40x_fpga_top does not have driver. [D:/KachiCodeRsp/customriscv/cv32e40x/rtl/cv32e40x_if_xif.sv:144]
WARNING: [Synth 8-3848] Net xif_issue_if\.mem_result[dbg] in module/entity cv32e40x_fpga_top does not have driver. [D:/KachiCodeRsp/customriscv/cv32e40x/rtl/cv32e40x_if_xif.sv:144]
WARNING: [Synth 8-3848] Net xif_issue_if\.result_valid in module/entity cv32e40x_fpga_top does not have driver. [D:/KachiCodeRsp/customriscv/cv32e40x/rtl/cv32e40x_if_xif.sv:147]
WARNING: [Synth 8-3848] Net xif_issue_if\.result_ready in module/entity cv32e40x_fpga_top does not have driver. [D:/KachiCodeRsp/customriscv/cv32e40x/rtl/cv32e40x_if_xif.sv:148]
WARNING: [Synth 8-3848] Net xif_issue_if\.result[id] in module/entity cv32e40x_fpga_top does not have driver. [D:/KachiCodeRsp/customriscv/cv32e40x/rtl/cv32e40x_if_xif.sv:149]
WARNING: [Synth 8-3848] Net xif_issue_if\.result[data] in module/entity cv32e40x_fpga_top does not have driver. [D:/KachiCodeRsp/customriscv/cv32e40x/rtl/cv32e40x_if_xif.sv:149]
WARNING: [Synth 8-3848] Net xif_issue_if\.result[rd] in module/entity cv32e40x_fpga_top does not have driver. [D:/KachiCodeRsp/customriscv/cv32e40x/rtl/cv32e40x_if_xif.sv:149]
WARNING: [Synth 8-3848] Net xif_issue_if\.result[we] in module/entity cv32e40x_fpga_top does not have driver. [D:/KachiCodeRsp/customriscv/cv32e40x/rtl/cv32e40x_if_xif.sv:149]
WARNING: [Synth 8-3848] Net xif_issue_if\.result[ecsdata] in module/entity cv32e40x_fpga_top does not have driver. [D:/KachiCodeRsp/customriscv/cv32e40x/rtl/cv32e40x_if_xif.sv:149]
WARNING: [Synth 8-3848] Net xif_issue_if\.result[ecswe] in module/entity cv32e40x_fpga_top does not have driver. [D:/KachiCodeRsp/customriscv/cv32e40x/rtl/cv32e40x_if_xif.sv:149]
WARNING: [Synth 8-3848] Net xif_issue_if\.result[exc] in module/entity cv32e40x_fpga_top does not have driver. [D:/KachiCodeRsp/customriscv/cv32e40x/rtl/cv32e40x_if_xif.sv:149]
WARNING: [Synth 8-3848] Net xif_issue_if\.result[exccode] in module/entity cv32e40x_fpga_top does not have driver. [D:/KachiCodeRsp/customriscv/cv32e40x/rtl/cv32e40x_if_xif.sv:149]
WARNING: [Synth 8-3848] Net xif_issue_if\.result[err] in module/entity cv32e40x_fpga_top does not have driver. [D:/KachiCodeRsp/customriscv/cv32e40x/rtl/cv32e40x_if_xif.sv:149]
WARNING: [Synth 8-3848] Net xif_issue_if\.result[dbg] in module/entity cv32e40x_fpga_top does not have driver. [D:/KachiCodeRsp/customriscv/cv32e40x/rtl/cv32e40x_if_xif.sv:149]
WARNING: [Synth 8-3848] Net xif_commit_if\.compressed_valid in module/entity cv32e40x_fpga_top does not have driver. [D:/KachiCodeRsp/customriscv/cv32e40x/rtl/cv32e40x_if_xif.sv:121]
WARNING: [Synth 8-3848] Net xif_commit_if\.compressed_ready in module/entity cv32e40x_fpga_top does not have driver. [D:/KachiCodeRsp/customriscv/cv32e40x/rtl/cv32e40x_if_xif.sv:122]
WARNING: [Synth 8-3848] Net xif_commit_if\.compressed_req[instr] in module/entity cv32e40x_fpga_top does not have driver. [D:/KachiCodeRsp/customriscv/cv32e40x/rtl/cv32e40x_if_xif.sv:123]
WARNING: [Synth 8-3848] Net xif_commit_if\.compressed_req[mode] in module/entity cv32e40x_fpga_top does not have driver. [D:/KachiCodeRsp/customriscv/cv32e40x/rtl/cv32e40x_if_xif.sv:123]
WARNING: [Synth 8-3848] Net xif_commit_if\.compressed_req[id] in module/entity cv32e40x_fpga_top does not have driver. [D:/KachiCodeRsp/customriscv/cv32e40x/rtl/cv32e40x_if_xif.sv:123]
WARNING: [Synth 8-3848] Net xif_commit_if\.compressed_resp[instr] in module/entity cv32e40x_fpga_top does not have driver. [D:/KachiCodeRsp/customriscv/cv32e40x/rtl/cv32e40x_if_xif.sv:124]
INFO: [Common 17-14] Message 'Synth 8-3848' appears 100 times and further instances of the messages will be disabled. Use the Tcl command set_msg_config to change the current settings.
INFO: [Synth 8-6155] done synthesizing module 'cv32e40x_fpga_top' (40#1) [D:/KachiCodeRsp/customriscv/cv32e40x/rtl/cv32e40x_fpga_top.sv:5]
WARNING: [Synth 8-3331] design cv32e40x_controller_bypass has unconnected port if_id_pipe_i[instr][bus_resp][rdata][31]
WARNING: [Synth 8-3331] design cv32e40x_controller_bypass has unconnected port if_id_pipe_i[instr][bus_resp][rdata][30]
WARNING: [Synth 8-3331] design cv32e40x_controller_bypass has unconnected port if_id_pipe_i[instr][bus_resp][rdata][29]
WARNING: [Synth 8-3331] design cv32e40x_controller_bypass has unconnected port if_id_pipe_i[instr][bus_resp][rdata][28]
WARNING: [Synth 8-3331] design cv32e40x_controller_bypass has unconnected port if_id_pipe_i[instr][bus_resp][rdata][27]
WARNING: [Synth 8-3331] design cv32e40x_controller_bypass has unconnected port if_id_pipe_i[instr][bus_resp][rdata][26]
WARNING: [Synth 8-3331] design cv32e40x_controller_bypass has unconnected port if_id_pipe_i[instr][bus_resp][rdata][25]
WARNING: [Synth 8-3331] design cv32e40x_controller_bypass has unconnected port if_id_pipe_i[instr][bus_resp][rdata][24]
WARNING: [Synth 8-3331] design cv32e40x_controller_bypass has unconnected port if_id_pipe_i[instr][bus_resp][rdata][23]
WARNING: [Synth 8-3331] design cv32e40x_controller_bypass has unconnected port if_id_pipe_i[instr][bus_resp][rdata][22]
WARNING: [Synth 8-3331] design cv32e40x_controller_bypass has unconnected port if_id_pipe_i[instr][bus_resp][rdata][21]
WARNING: [Synth 8-3331] design cv32e40x_controller_bypass has unconnected port if_id_pipe_i[instr][bus_resp][rdata][20]
WARNING: [Synth 8-3331] design cv32e40x_controller_bypass has unconnected port if_id_pipe_i[instr][bus_resp][rdata][19]
WARNING: [Synth 8-3331] design cv32e40x_controller_bypass has unconnected port if_id_pipe_i[instr][bus_resp][rdata][18]
WARNING: [Synth 8-3331] design cv32e40x_controller_bypass has unconnected port if_id_pipe_i[instr][bus_resp][rdata][17]
WARNING: [Synth 8-3331] design cv32e40x_controller_bypass has unconnected port if_id_pipe_i[instr][bus_resp][rdata][16]
WARNING: [Synth 8-3331] design cv32e40x_controller_bypass has unconnected port if_id_pipe_i[instr][bus_resp][rdata][15]
WARNING: [Synth 8-3331] design cv32e40x_controller_bypass has unconnected port if_id_pipe_i[instr][bus_resp][rdata][14]
WARNING: [Synth 8-3331] design cv32e40x_controller_bypass has unconnected port if_id_pipe_i[instr][bus_resp][rdata][13]
WARNING: [Synth 8-3331] design cv32e40x_controller_bypass has unconnected port if_id_pipe_i[instr][bus_resp][rdata][12]
WARNING: [Synth 8-3331] design cv32e40x_controller_bypass has unconnected port if_id_pipe_i[instr][bus_resp][rdata][11]
WARNING: [Synth 8-3331] design cv32e40x_controller_bypass has unconnected port if_id_pipe_i[instr][bus_resp][rdata][10]
WARNING: [Synth 8-3331] design cv32e40x_controller_bypass has unconnected port if_id_pipe_i[instr][bus_resp][rdata][9]
WARNING: [Synth 8-3331] design cv32e40x_controller_bypass has unconnected port if_id_pipe_i[instr][bus_resp][rdata][8]
WARNING: [Synth 8-3331] design cv32e40x_controller_bypass has unconnected port if_id_pipe_i[instr][bus_resp][rdata][7]
WARNING: [Synth 8-3331] design cv32e40x_controller_bypass has unconnected port if_id_pipe_i[instr][bus_resp][rdata][6]
WARNING: [Synth 8-3331] design cv32e40x_controller_bypass has unconnected port if_id_pipe_i[instr][bus_resp][rdata][5]
WARNING: [Synth 8-3331] design cv32e40x_controller_bypass has unconnected port if_id_pipe_i[instr][bus_resp][rdata][4]
WARNING: [Synth 8-3331] design cv32e40x_controller_bypass has unconnected port if_id_pipe_i[instr][bus_resp][rdata][3]
WARNING: [Synth 8-3331] design cv32e40x_controller_bypass has unconnected port if_id_pipe_i[instr][bus_resp][rdata][2]
WARNING: [Synth 8-3331] design cv32e40x_controller_bypass has unconnected port if_id_pipe_i[instr][bus_resp][rdata][1]
WARNING: [Synth 8-3331] design cv32e40x_controller_bypass has unconnected port if_id_pipe_i[instr][bus_resp][rdata][0]
WARNING: [Synth 8-3331] design cv32e40x_controller_bypass has unconnected port if_id_pipe_i[instr_meta][compressed]
WARNING: [Synth 8-3331] design cv32e40x_controller_bypass has unconnected port if_id_pipe_i[instr_meta][pushpop]
WARNING: [Synth 8-3331] design cv32e40x_controller_bypass has unconnected port if_id_pipe_i[pc][31]
WARNING: [Synth 8-3331] design cv32e40x_controller_bypass has unconnected port if_id_pipe_i[pc][30]
WARNING: [Synth 8-3331] design cv32e40x_controller_bypass has unconnected port if_id_pipe_i[pc][29]
WARNING: [Synth 8-3331] design cv32e40x_controller_bypass has unconnected port if_id_pipe_i[pc][28]
WARNING: [Synth 8-3331] design cv32e40x_controller_bypass has unconnected port if_id_pipe_i[pc][27]
WARNING: [Synth 8-3331] design cv32e40x_controller_bypass has unconnected port if_id_pipe_i[pc][26]
WARNING: [Synth 8-3331] design cv32e40x_controller_bypass has unconnected port if_id_pipe_i[pc][25]
WARNING: [Synth 8-3331] design cv32e40x_controller_bypass has unconnected port if_id_pipe_i[pc][24]
WARNING: [Synth 8-3331] design cv32e40x_controller_bypass has unconnected port if_id_pipe_i[pc][23]
WARNING: [Synth 8-3331] design cv32e40x_controller_bypass has unconnected port if_id_pipe_i[pc][22]
WARNING: [Synth 8-3331] design cv32e40x_controller_bypass has unconnected port if_id_pipe_i[pc][21]
WARNING: [Synth 8-3331] design cv32e40x_controller_bypass has unconnected port if_id_pipe_i[pc][20]
WARNING: [Synth 8-3331] design cv32e40x_controller_bypass has unconnected port if_id_pipe_i[pc][19]
WARNING: [Synth 8-3331] design cv32e40x_controller_bypass has unconnected port if_id_pipe_i[pc][18]
WARNING: [Synth 8-3331] design cv32e40x_controller_bypass has unconnected port if_id_pipe_i[pc][17]
WARNING: [Synth 8-3331] design cv32e40x_controller_bypass has unconnected port if_id_pipe_i[pc][16]
WARNING: [Synth 8-3331] design cv32e40x_controller_bypass has unconnected port if_id_pipe_i[pc][15]
WARNING: [Synth 8-3331] design cv32e40x_controller_bypass has unconnected port if_id_pipe_i[pc][14]
WARNING: [Synth 8-3331] design cv32e40x_controller_bypass has unconnected port if_id_pipe_i[pc][13]
WARNING: [Synth 8-3331] design cv32e40x_controller_bypass has unconnected port if_id_pipe_i[pc][12]
WARNING: [Synth 8-3331] design cv32e40x_controller_bypass has unconnected port if_id_pipe_i[pc][11]
WARNING: [Synth 8-3331] design cv32e40x_controller_bypass has unconnected port if_id_pipe_i[pc][10]
WARNING: [Synth 8-3331] design cv32e40x_controller_bypass has unconnected port if_id_pipe_i[pc][9]
WARNING: [Synth 8-3331] design cv32e40x_controller_bypass has unconnected port if_id_pipe_i[pc][8]
WARNING: [Synth 8-3331] design cv32e40x_controller_bypass has unconnected port if_id_pipe_i[pc][7]
WARNING: [Synth 8-3331] design cv32e40x_controller_bypass has unconnected port if_id_pipe_i[pc][6]
WARNING: [Synth 8-3331] design cv32e40x_controller_bypass has unconnected port if_id_pipe_i[pc][5]
WARNING: [Synth 8-3331] design cv32e40x_controller_bypass has unconnected port if_id_pipe_i[pc][4]
WARNING: [Synth 8-3331] design cv32e40x_controller_bypass has unconnected port if_id_pipe_i[pc][3]
WARNING: [Synth 8-3331] design cv32e40x_controller_bypass has unconnected port if_id_pipe_i[pc][2]
WARNING: [Synth 8-3331] design cv32e40x_controller_bypass has unconnected port if_id_pipe_i[pc][1]
WARNING: [Synth 8-3331] design cv32e40x_controller_bypass has unconnected port if_id_pipe_i[pc][0]
WARNING: [Synth 8-3331] design cv32e40x_controller_bypass has unconnected port if_id_pipe_i[compressed_instr][15]
WARNING: [Synth 8-3331] design cv32e40x_controller_bypass has unconnected port if_id_pipe_i[compressed_instr][14]
WARNING: [Synth 8-3331] design cv32e40x_controller_bypass has unconnected port if_id_pipe_i[compressed_instr][13]
WARNING: [Synth 8-3331] design cv32e40x_controller_bypass has unconnected port if_id_pipe_i[compressed_instr][12]
WARNING: [Synth 8-3331] design cv32e40x_controller_bypass has unconnected port if_id_pipe_i[compressed_instr][11]
WARNING: [Synth 8-3331] design cv32e40x_controller_bypass has unconnected port if_id_pipe_i[compressed_instr][10]
WARNING: [Synth 8-3331] design cv32e40x_controller_bypass has unconnected port if_id_pipe_i[compressed_instr][9]
WARNING: [Synth 8-3331] design cv32e40x_controller_bypass has unconnected port if_id_pipe_i[compressed_instr][8]
WARNING: [Synth 8-3331] design cv32e40x_controller_bypass has unconnected port if_id_pipe_i[compressed_instr][7]
WARNING: [Synth 8-3331] design cv32e40x_controller_bypass has unconnected port if_id_pipe_i[compressed_instr][6]
WARNING: [Synth 8-3331] design cv32e40x_controller_bypass has unconnected port if_id_pipe_i[compressed_instr][5]
WARNING: [Synth 8-3331] design cv32e40x_controller_bypass has unconnected port if_id_pipe_i[compressed_instr][4]
WARNING: [Synth 8-3331] design cv32e40x_controller_bypass has unconnected port if_id_pipe_i[compressed_instr][3]
WARNING: [Synth 8-3331] design cv32e40x_controller_bypass has unconnected port if_id_pipe_i[compressed_instr][2]
WARNING: [Synth 8-3331] design cv32e40x_controller_bypass has unconnected port if_id_pipe_i[compressed_instr][1]
WARNING: [Synth 8-3331] design cv32e40x_controller_bypass has unconnected port if_id_pipe_i[compressed_instr][0]
WARNING: [Synth 8-3331] design cv32e40x_controller_bypass has unconnected port if_id_pipe_i[illegal_c_insn]
WARNING: [Synth 8-3331] design cv32e40x_controller_bypass has unconnected port if_id_pipe_i[priv_lvl][1]
WARNING: [Synth 8-3331] design cv32e40x_controller_bypass has unconnected port if_id_pipe_i[priv_lvl][0]
WARNING: [Synth 8-3331] design cv32e40x_controller_bypass has unconnected port if_id_pipe_i[xif_id][31]
WARNING: [Synth 8-3331] design cv32e40x_controller_bypass has unconnected port if_id_pipe_i[xif_id][30]
WARNING: [Synth 8-3331] design cv32e40x_controller_bypass has unconnected port if_id_pipe_i[xif_id][29]
WARNING: [Synth 8-3331] design cv32e40x_controller_bypass has unconnected port if_id_pipe_i[xif_id][28]
WARNING: [Synth 8-3331] design cv32e40x_controller_bypass has unconnected port if_id_pipe_i[xif_id][27]
WARNING: [Synth 8-3331] design cv32e40x_controller_bypass has unconnected port if_id_pipe_i[xif_id][26]
WARNING: [Synth 8-3331] design cv32e40x_controller_bypass has unconnected port if_id_pipe_i[xif_id][25]
WARNING: [Synth 8-3331] design cv32e40x_controller_bypass has unconnected port if_id_pipe_i[xif_id][24]
WARNING: [Synth 8-3331] design cv32e40x_controller_bypass has unconnected port if_id_pipe_i[xif_id][23]
WARNING: [Synth 8-3331] design cv32e40x_controller_bypass has unconnected port if_id_pipe_i[xif_id][22]
WARNING: [Synth 8-3331] design cv32e40x_controller_bypass has unconnected port if_id_pipe_i[xif_id][21]
WARNING: [Synth 8-3331] design cv32e40x_controller_bypass has unconnected port if_id_pipe_i[xif_id][20]
WARNING: [Synth 8-3331] design cv32e40x_controller_bypass has unconnected port if_id_pipe_i[xif_id][19]
WARNING: [Synth 8-3331] design cv32e40x_controller_bypass has unconnected port if_id_pipe_i[xif_id][18]
WARNING: [Synth 8-3331] design cv32e40x_controller_bypass has unconnected port if_id_pipe_i[xif_id][17]
INFO: [Common 17-14] Message 'Synth 8-3331' appears 100 times and further instances of the messages will be disabled. Use the Tcl command set_msg_config to change the current settings.
---------------------------------------------------------------------------------
Finished RTL Elaboration : Time (s): cpu = 00:00:06 ; elapsed = 00:00:07 . Memory (MB): peak = 1154.344 ; gain = 425.812
---------------------------------------------------------------------------------

Report Check Netlist: 
+------+------------------+-------+---------+-------+------------------+
|      |Item              |Errors |Warnings |Status |Description       |
+------+------------------+-------+---------+-------+------------------+
|1     |multi_driven_nets |      0|        0|Passed |Multi driven nets |
+------+------------------+-------+---------+-------+------------------+
---------------------------------------------------------------------------------
Start Handling Custom Attributes
---------------------------------------------------------------------------------
---------------------------------------------------------------------------------
Finished Handling Custom Attributes : Time (s): cpu = 00:00:07 ; elapsed = 00:00:08 . Memory (MB): peak = 1154.344 ; gain = 425.812
---------------------------------------------------------------------------------
---------------------------------------------------------------------------------
Finished RTL Optimization Phase 1 : Time (s): cpu = 00:00:07 ; elapsed = 00:00:08 . Memory (MB): peak = 1154.344 ; gain = 425.812
---------------------------------------------------------------------------------
Netlist sorting complete. Time (s): cpu = 00:00:01 ; elapsed = 00:00:00.221 . Memory (MB): peak = 1154.344 ; gain = 0.000
INFO: [Project 1-570] Preparing netlist for logic optimization

Processing XDC Constraints
Initializing timing engine
Parsing XDC File [D:/KachiCodeRsp/customriscv/cv32e40x/constraints/cv32e40x_fpga_top.xdc]
WARNING: [Constraints 18-96] Setting input delay on a clock pin 'clk_i' is not supported, ignoring it [D:/KachiCodeRsp/customriscv/cv32e40x/constraints/cv32e40x_fpga_top.xdc:16]
WARNING: [Constraints 18-96] Setting input delay on a clock pin 'clk_i' is not supported, ignoring it [D:/KachiCodeRsp/customriscv/cv32e40x/constraints/cv32e40x_fpga_top.xdc:17]
WARNING: [Constraints 18-96] Setting input delay on a clock pin 'clk_i' is not supported, ignoring it [D:/KachiCodeRsp/customriscv/cv32e40x/constraints/cv32e40x_fpga_top.xdc:22]
Finished Parsing XDC File [D:/KachiCodeRsp/customriscv/cv32e40x/constraints/cv32e40x_fpga_top.xdc]
INFO: [Project 1-236] Implementation specific constraints were found while reading constraint file [D:/KachiCodeRsp/customriscv/cv32e40x/constraints/cv32e40x_fpga_top.xdc]. These constraints will be ignored for synthesis but will be used in implementation. Impacted constraints are listed in the file [.Xil/cv32e40x_fpga_top_propImpl.xdc].
Resolution: To avoid this warning, move constraints listed in [.Xil/cv32e40x_fpga_top_propImpl.xdc] to another XDC file and exclude this new file from synthesis with the used_in_synthesis property (File Properties dialog in GUI) and re-run elaboration/synthesis.
WARNING: [Constraints 18-5210] No constraints selected for write.
Resolution: This message can indicate that there are no constraints for the design, or it can indicate that the used_in flags are set such that the constraints are ignored. This later case is used when running synth_design to not write synthesis constraints to the resulting checkpoint. Instead, project constraints are read when the synthesized design is opened.
Completed Processing XDC Constraints

Netlist sorting complete. Time (s): cpu = 00:00:00 ; elapsed = 00:00:00.002 . Memory (MB): peak = 1272.129 ; gain = 0.000
INFO: [Project 1-111] Unisim Transformation Summary:
No Unisim elements were transformed.

Constraint Validation Runtime : Time (s): cpu = 00:00:00 ; elapsed = 00:00:00.043 . Memory (MB): peak = 1272.129 ; gain = 0.000
---------------------------------------------------------------------------------
Finished Constraint Validation : Time (s): cpu = 00:00:14 ; elapsed = 00:00:14 . Memory (MB): peak = 1272.129 ; gain = 543.598
---------------------------------------------------------------------------------
---------------------------------------------------------------------------------
Start Loading Part and Timing Information
---------------------------------------------------------------------------------
Loading part: xc7a35ticsg324-1L
---------------------------------------------------------------------------------
Finished Loading Part and Timing Information : Time (s): cpu = 00:00:14 ; elapsed = 00:00:14 . Memory (MB): peak = 1272.129 ; gain = 543.598
---------------------------------------------------------------------------------
---------------------------------------------------------------------------------
Start Applying 'set_property' XDC Constraints
---------------------------------------------------------------------------------
---------------------------------------------------------------------------------
Finished applying 'set_property' XDC Constraints : Time (s): cpu = 00:00:14 ; elapsed = 00:00:14 . Memory (MB): peak = 1272.129 ; gain = 543.598
---------------------------------------------------------------------------------
INFO: [Synth 8-5818] HDL ADVISOR - The operator resource <adder> is shared. To prevent sharing consider applying a KEEP on the output of the operator [D:/KachiCodeRsp/customriscv/cv32e40x/rtl/cv32e40x_sequencer.sv:236]
INFO: [Synth 8-802] inferred FSM for state register 'seq_state_q_reg' in module 'cv32e40x_sequencer'
INFO: [Synth 8-5544] ROM "get_stack_adj_base" won't be mapped to Block RAM because address size (4) smaller than threshold (5)
INFO: [Synth 8-802] inferred FSM for state register 'state_q_reg' in module 'cv32e40x_mpu'
INFO: [Synth 8-5818] HDL ADVISOR - The operator resource <adder> is shared. To prevent sharing consider applying a KEEP on the output of the operator [D:/KachiCodeRsp/customriscv/cv32e40x/rtl/cv32e40x_pc_target.sv:42]
INFO: [Synth 8-5546] ROM "decoder_ctrl_o" won't be mapped to RAM because it is too sparse
INFO: [Synth 8-5546] ROM "decoder_ctrl_o" won't be mapped to RAM because it is too sparse
INFO: [Synth 8-5546] ROM "decoder_ctrl_o" won't be mapped to RAM because it is too sparse
INFO: [Synth 8-5546] ROM "decoder_ctrl_o" won't be mapped to RAM because it is too sparse
INFO: [Synth 8-5546] ROM "decoder_ctrl_o" won't be mapped to RAM because it is too sparse
INFO: [Synth 8-5546] ROM "decoder_ctrl_o" won't be mapped to RAM because it is too sparse
INFO: [Synth 8-5546] ROM "decoder_ctrl_o" won't be mapped to RAM because it is too sparse
INFO: [Synth 8-5546] ROM "decoder_ctrl_o" won't be mapped to RAM because it is too sparse
INFO: [Synth 8-5546] ROM "decoder_ctrl_o" won't be mapped to RAM because it is too sparse
INFO: [Synth 8-4471] merging register 'id_ex_pipe_o_reg[xif_meta][exception]' into 'id_ex_pipe_o_reg[xif_en]' [D:/KachiCodeRsp/customriscv/cv32e40x/rtl/cv32e40x_id_stage.sv:496]
INFO: [Synth 8-4471] merging register 'id_ex_pipe_o_reg[xif_meta][loadstore]' into 'id_ex_pipe_o_reg[xif_en]' [D:/KachiCodeRsp/customriscv/cv32e40x/rtl/cv32e40x_id_stage.sv:496]
INFO: [Synth 8-4471] merging register 'id_ex_pipe_o_reg[xif_meta][dualwrite]' into 'id_ex_pipe_o_reg[xif_en]' [D:/KachiCodeRsp/customriscv/cv32e40x/rtl/cv32e40x_id_stage.sv:496]
INFO: [Synth 8-4471] merging register 'id_ex_pipe_o_reg[xif_meta][accepted]' into 'id_ex_pipe_o_reg[xif_en]' [D:/KachiCodeRsp/customriscv/cv32e40x/rtl/cv32e40x_id_stage.sv:496]
INFO: [Synth 8-5818] HDL ADVISOR - The operator resource <adder> is shared. To prevent sharing consider applying a KEEP on the output of the operator [D:/KachiCodeRsp/customriscv/cv32e40x/rtl/cv32e40x_div.sv:175]
INFO: [Synth 8-802] inferred FSM for state register 'state_reg' in module 'cv32e40x_div'
INFO: [Synth 8-802] inferred FSM for state register 'state_q_reg' in module 'cv32e40x_wpt'
INFO: [Synth 8-802] inferred FSM for state register 'state_q_reg' in module 'cv32e40x_mpu__parameterized0'
INFO: [Synth 8-802] inferred FSM for state register 'state_q_reg' in module 'cv32e40x_align_check'
INFO: [Synth 8-4471] merging register 'outstanding_q_reg[0][store]' into 'outstanding_q_reg[0][bufferable]' [D:/KachiCodeRsp/customriscv/cv32e40x/rtl/cv32e40x_lsu_response_filter.sv:145]
INFO: [Synth 8-5546] ROM "dcsr_we" won't be mapped to RAM because it is too sparse
INFO: [Synth 8-5546] ROM "dpc_we" won't be mapped to RAM because it is too sparse
INFO: [Synth 8-5546] ROM "mcause_we" won't be mapped to RAM because it is too sparse
INFO: [Synth 8-5546] ROM "mepc_we" won't be mapped to RAM because it is too sparse
INFO: [Synth 8-5546] ROM "mie_we" won't be mapped to RAM because it is too sparse
INFO: [Synth 8-5546] ROM "mstatus_we" won't be mapped to RAM because it is too sparse
INFO: [Synth 8-5546] ROM "csr_counter_read_o" won't be mapped to RAM because it is too sparse
INFO: [Synth 8-5546] ROM "csr_hz_o" won't be mapped to RAM because it is too sparse
INFO: [Synth 8-5546] ROM "mscratch_we" won't be mapped to RAM because it is too sparse
INFO: [Synth 8-5546] ROM "tselect_we" won't be mapped to RAM because it is too sparse
INFO: [Synth 8-5546] ROM "tinfo_we" won't be mapped to RAM because it is too sparse
INFO: [Synth 8-5546] ROM "dscratch0_we" won't be mapped to RAM because it is too sparse
INFO: [Synth 8-5546] ROM "dscratch1_we" won't be mapped to RAM because it is too sparse
INFO: [Synth 8-802] inferred FSM for state register 'ctrl_fsm_cs_reg' in module 'cv32e40x_controller_fsm'
INFO: [Synth 8-802] inferred FSM for state register 'debug_fsm_cs_reg' in module 'cv32e40x_controller_fsm'
INFO: [Synth 8-7031] Trying to map ROM "instr_mem" into Block RAM due to explicit "ram_style" or "rom_style" specification
---------------------------------------------------------------------------------------------------
                   State |                     New Encoding |                Previous Encoding 
---------------------------------------------------------------------------------------------------
                  S_IDLE |                              000 |                             0000
                   S_POP |                              001 |                             0010
                  S_PUSH |                              010 |                             0001
                    S_RA |                              011 |                             0100
                    S_SP |                              100 |                             0101
                    S_A0 |                              101 |                             0110
                   S_RET |                              110 |                             0111
                 S_DMOVE |                              111 |                             0011
---------------------------------------------------------------------------------------------------
INFO: [Synth 8-3354] encoded FSM with state register 'seq_state_q_reg' using encoding 'sequential' in module 'cv32e40x_sequencer'
---------------------------------------------------------------------------------------------------
                   State |                     New Encoding |                Previous Encoding 
---------------------------------------------------------------------------------------------------
                  iSTATE |                               00 |                              000
                 iSTATE2 |                               01 |                              010
                 iSTATE3 |                               10 |                              001
                 iSTATE1 |                               11 |                              011
---------------------------------------------------------------------------------------------------
INFO: [Synth 8-3354] encoded FSM with state register 'state_q_reg' using encoding 'sequential' in module 'cv32e40x_mpu'
---------------------------------------------------------------------------------------------------
                   State |                     New Encoding |                Previous Encoding 
---------------------------------------------------------------------------------------------------
                DIV_IDLE |                               00 |                               00
              DIV_DIVIDE |                               01 |                               01
               DIV_DUMMY |                               10 |                               10
              DIV_FINISH |                               11 |                               11
---------------------------------------------------------------------------------------------------
INFO: [Synth 8-3354] encoded FSM with state register 'state_reg' using encoding 'sequential' in module 'cv32e40x_div'
---------------------------------------------------------------------------------------------------
                   State |                     New Encoding |                Previous Encoding 
---------------------------------------------------------------------------------------------------
                WPT_IDLE |                               00 |                               00
          WPT_MATCH_WAIT |                               01 |                               01
          WPT_MATCH_RESP |                               10 |                               10
---------------------------------------------------------------------------------------------------
INFO: [Synth 8-3354] encoded FSM with state register 'state_q_reg' using encoding 'sequential' in module 'cv32e40x_wpt'
---------------------------------------------------------------------------------------------------
                   State |                     New Encoding |                Previous Encoding 
---------------------------------------------------------------------------------------------------
                  iSTATE |                              000 |                              000
                 iSTATE0 |                              001 |                              100
                 iSTATE2 |                              010 |                              010
                 iSTATE3 |                              011 |                              001
                 iSTATE1 |                              100 |                              011
---------------------------------------------------------------------------------------------------
INFO: [Synth 8-3354] encoded FSM with state register 'state_q_reg' using encoding 'sequential' in module 'cv32e40x_mpu__parameterized0'
---------------------------------------------------------------------------------------------------
                   State |                     New Encoding |                Previous Encoding 
---------------------------------------------------------------------------------------------------
                  iSTATE |                              000 |                              000
                 iSTATE0 |                              001 |                              010
                 iSTATE1 |                              010 |                              001
                 iSTATE2 |                              011 |                              100
                 iSTATE3 |                              100 |                              011
---------------------------------------------------------------------------------------------------
INFO: [Synth 8-3354] encoded FSM with state register 'state_q_reg' using encoding 'sequential' in module 'cv32e40x_align_check'
---------------------------------------------------------------------------------------------------
                   State |                     New Encoding |                Previous Encoding 
---------------------------------------------------------------------------------------------------
                   RESET |                               11 |                               00
              FUNCTIONAL |                               01 |                               01
             DEBUG_TAKEN |                               00 |                               11
                   SLEEP |                               10 |                               10
---------------------------------------------------------------------------------------------------
INFO: [Synth 8-3354] encoded FSM with state register 'ctrl_fsm_cs_reg' using encoding 'sequential' in module 'cv32e40x_controller_fsm'
---------------------------------------------------------------------------------------------------
                   State |                     New Encoding |                Previous Encoding 
---------------------------------------------------------------------------------------------------
*
               HAVERESET |                              001 |                              001
                 RUNNING |                              010 |                              010
                  HALTED |                              100 |                              100
---------------------------------------------------------------------------------------------------
INFO: [Synth 8-3898] No Re-encoding of one hot register 'debug_fsm_cs_reg' in module 'cv32e40x_controller_fsm'
---------------------------------------------------------------------------------
Finished RTL Optimization Phase 2 : Time (s): cpu = 00:00:18 ; elapsed = 00:00:18 . Memory (MB): peak = 1272.129 ; gain = 543.598
---------------------------------------------------------------------------------

Report RTL Partitions: 
+-+--------------+------------+----------+
| |RTL Partition |Replication |Instances |
+-+--------------+------------+----------+
+-+--------------+------------+----------+
---------------------------------------------------------------------------------
Start RTL Component Statistics 
---------------------------------------------------------------------------------
Detailed RTL Component Info : 
+---Adders : 
	   2 Input     64 Bit       Adders := 3     
	   2 Input     34 Bit       Adders := 1     
	   2 Input     33 Bit       Adders := 1     
	   2 Input     32 Bit       Adders := 8     
	   3 Input     12 Bit       Adders := 1     
	   2 Input      8 Bit       Adders := 1     
	   2 Input      6 Bit       Adders := 3     
	  32 Input      6 Bit       Adders := 1     
	   3 Input      5 Bit       Adders := 1     
	   2 Input      5 Bit       Adders := 1     
	   2 Input      4 Bit       Adders := 1     
	   3 Input      4 Bit       Adders := 2     
	   4 Input      3 Bit       Adders := 1     
	   2 Input      2 Bit       Adders := 7     
	   3 Input      2 Bit       Adders := 2     
+---XORs : 
	   2 Input     32 Bit         XORs := 2     
	   2 Input      1 Bit         XORs := 2     
+---Registers : 
	               64 Bit    Registers := 3     
	               33 Bit    Registers := 1     
	               32 Bit    Registers := 68    
	               16 Bit    Registers := 1     
	               12 Bit    Registers := 1     
	                8 Bit    Registers := 5     
	                6 Bit    Registers := 4     
	                5 Bit    Registers := 2     
	                4 Bit    Registers := 2     
	                3 Bit    Registers := 5     
	                2 Bit    Registers := 30    
	                1 Bit    Registers := 317   
+---Multipliers : 
	                32x32  Multipliers := 1     
+---RAMs : 
	             128K Bit         RAMs := 4     
+---ROMs : 
	                              ROMs := 1     
+---Muxes : 
	   2 Input     64 Bit        Muxes := 18    
	   2 Input     33 Bit        Muxes := 2     
	   4 Input     33 Bit        Muxes := 1     
	   2 Input     32 Bit        Muxes := 101   
	   4 Input     32 Bit        Muxes := 18    
	   3 Input     32 Bit        Muxes := 5     
	   5 Input     32 Bit        Muxes := 1     
	   8 Input     32 Bit        Muxes := 1     
	  20 Input     32 Bit        Muxes := 1     
	  32 Input     32 Bit        Muxes := 1     
	  27 Input     32 Bit        Muxes := 1     
	   2 Input     25 Bit        Muxes := 1     
	   2 Input     17 Bit        Muxes := 4     
	   4 Input     17 Bit        Muxes := 2     
	   3 Input     16 Bit        Muxes := 1     
	   2 Input     16 Bit        Muxes := 12    
	   2 Input     12 Bit        Muxes := 2     
	   3 Input     12 Bit        Muxes := 2     
	   4 Input     11 Bit        Muxes := 2     
	   2 Input     11 Bit        Muxes := 1     
	   4 Input     10 Bit        Muxes := 3     
	   2 Input     10 Bit        Muxes := 7     
	   2 Input      8 Bit        Muxes := 3     
	   3 Input      8 Bit        Muxes := 1     
	   4 Input      8 Bit        Muxes := 2     
	   5 Input      7 Bit        Muxes := 1     
	   5 Input      6 Bit        Muxes := 1     
	   2 Input      6 Bit        Muxes := 8     
	  19 Input      5 Bit        Muxes := 1     
	   2 Input      5 Bit        Muxes := 11    
	   8 Input      5 Bit        Muxes := 2     
	   7 Input      5 Bit        Muxes := 1     
	  10 Input      5 Bit        Muxes := 1     
	  12 Input      5 Bit        Muxes := 1     
	   6 Input      5 Bit        Muxes := 2     
	   9 Input      5 Bit        Muxes := 1     
	  23 Input      5 Bit        Muxes := 1     
	  40 Input      5 Bit        Muxes := 1     
	   2 Input      4 Bit        Muxes := 6     
	   9 Input      4 Bit        Muxes := 1     
	   4 Input      4 Bit        Muxes := 3     
	  10 Input      4 Bit        Muxes := 1     
	   8 Input      4 Bit        Muxes := 1     
	   2 Input      3 Bit        Muxes := 24    
	   4 Input      3 Bit        Muxes := 8     
	   3 Input      3 Bit        Muxes := 2     
	  18 Input      3 Bit        Muxes := 1     
	  12 Input      3 Bit        Muxes := 1     
	   5 Input      3 Bit        Muxes := 1     
	   6 Input      3 Bit        Muxes := 1     
	   5 Input      2 Bit        Muxes := 11    
	   7 Input      2 Bit        Muxes := 7     
	   4 Input      2 Bit        Muxes := 16    
	   2 Input      2 Bit        Muxes := 112   
	   3 Input      2 Bit        Muxes := 5     
	   8 Input      2 Bit        Muxes := 4     
	  10 Input      2 Bit        Muxes := 2     
	  12 Input      2 Bit        Muxes := 9     
	  11 Input      2 Bit        Muxes := 1     
	  14 Input      2 Bit        Muxes := 1     
	   9 Input      1 Bit        Muxes := 4     
	   7 Input      1 Bit        Muxes := 5     
	   2 Input      1 Bit        Muxes := 261   
	   5 Input      1 Bit        Muxes := 14    
	   3 Input      1 Bit        Muxes := 33    
	   8 Input      1 Bit        Muxes := 11    
	  10 Input      1 Bit        Muxes := 5     
	  12 Input      1 Bit        Muxes := 20    
	   4 Input      1 Bit        Muxes := 81    
	  40 Input      1 Bit        Muxes := 2     
	  24 Input      1 Bit        Muxes := 1     
	   6 Input      1 Bit        Muxes := 1     
---------------------------------------------------------------------------------
Finished RTL Component Statistics 
---------------------------------------------------------------------------------
---------------------------------------------------------------------------------
Start RTL Hierarchical Component Statistics 
---------------------------------------------------------------------------------
Hierarchical RTL Component report 
Module cv32e40x_fpga_top 
Detailed RTL Component Info : 
+---Registers : 
	                8 Bit    Registers := 5     
	                1 Bit    Registers := 2     
+---RAMs : 
	             128K Bit         RAMs := 4     
+---ROMs : 
	                              ROMs := 1     
Module cv32e40x_int_controller 
Detailed RTL Component Info : 
+---Registers : 
	               32 Bit    Registers := 1     
+---Muxes : 
	  19 Input      5 Bit        Muxes := 1     
Module cv32e40x_sleep_unit 
Detailed RTL Component Info : 
+---Registers : 
	                1 Bit    Registers := 2     
Module cv32e40x_compressed_decoder 
Detailed RTL Component Info : 
+---Muxes : 
	   2 Input     32 Bit        Muxes := 8     
	   4 Input     32 Bit        Muxes := 3     
	   3 Input     32 Bit        Muxes := 1     
	   5 Input     32 Bit        Muxes := 1     
	   5 Input      2 Bit        Muxes := 1     
	   7 Input      2 Bit        Muxes := 1     
	   9 Input      1 Bit        Muxes := 2     
	   7 Input      1 Bit        Muxes := 1     
	   2 Input      1 Bit        Muxes := 2     
	   5 Input      1 Bit        Muxes := 1     
Module cv32e40x_sequencer 
Detailed RTL Component Info : 
+---Adders : 
	   2 Input     32 Bit       Adders := 1     
	   3 Input     12 Bit       Adders := 1     
	   2 Input      8 Bit       Adders := 1     
	   3 Input      5 Bit       Adders := 1     
	   2 Input      5 Bit       Adders := 1     
	   2 Input      4 Bit       Adders := 1     
	   3 Input      4 Bit       Adders := 1     
+---Registers : 
	                4 Bit    Registers := 1     
+---Muxes : 
	   2 Input     32 Bit        Muxes := 13    
	   8 Input     32 Bit        Muxes := 1     
	   2 Input     12 Bit        Muxes := 2     
	   3 Input     12 Bit        Muxes := 2     
	   2 Input      8 Bit        Muxes := 1     
	   3 Input      8 Bit        Muxes := 1     
	   5 Input      7 Bit        Muxes := 1     
	   2 Input      5 Bit        Muxes := 6     
	   2 Input      4 Bit        Muxes := 2     
	   2 Input      3 Bit        Muxes := 3     
	   4 Input      3 Bit        Muxes := 1     
	   3 Input      3 Bit        Muxes := 1     
	  18 Input      3 Bit        Muxes := 1     
	   4 Input      2 Bit        Muxes := 1     
	   2 Input      2 Bit        Muxes := 1     
	   2 Input      1 Bit        Muxes := 27    
	   5 Input      1 Bit        Muxes := 5     
	   3 Input      1 Bit        Muxes := 3     
	   8 Input      1 Bit        Muxes := 5     
Module cv32e40x_prefetcher 
Detailed RTL Component Info : 
+---Adders : 
	   2 Input     32 Bit       Adders := 1     
+---Registers : 
	               32 Bit    Registers := 1     
	                2 Bit    Registers := 1     
	                1 Bit    Registers := 2     
+---Muxes : 
	   2 Input     32 Bit        Muxes := 6     
	   2 Input      2 Bit        Muxes := 3     
	   2 Input      1 Bit        Muxes := 4     
Module cv32e40x_alignment_buffer 
Detailed RTL Component Info : 
+---Adders : 
	   2 Input     32 Bit       Adders := 1     
	   3 Input      4 Bit       Adders := 1     
	   4 Input      3 Bit       Adders := 1     
	   2 Input      2 Bit       Adders := 5     
+---Registers : 
	               32 Bit    Registers := 4     
	                3 Bit    Registers := 2     
	                2 Bit    Registers := 8     
	                1 Bit    Registers := 10    
+---Muxes : 
	   2 Input     32 Bit        Muxes := 12    
	   4 Input     32 Bit        Muxes := 1     
	   3 Input     32 Bit        Muxes := 2     
	   3 Input     16 Bit        Muxes := 1     
	   2 Input      3 Bit        Muxes := 8     
	   4 Input      2 Bit        Muxes := 2     
	   2 Input      2 Bit        Muxes := 25    
	   3 Input      2 Bit        Muxes := 3     
	   2 Input      1 Bit        Muxes := 26    
	   3 Input      1 Bit        Muxes := 4     
Module cv32e40x_mpu 
Detailed RTL Component Info : 
+---Muxes : 
	   4 Input      2 Bit        Muxes := 2     
	   2 Input      2 Bit        Muxes := 1     
	   3 Input      1 Bit        Muxes := 4     
Module cv32e40x_instr_obi_interface 
Detailed RTL Component Info : 
+---Registers : 
	               32 Bit    Registers := 1     
	                3 Bit    Registers := 1     
	                2 Bit    Registers := 1     
	                1 Bit    Registers := 2     
+---Muxes : 
	   2 Input     32 Bit        Muxes := 2     
	   2 Input      3 Bit        Muxes := 2     
	   2 Input      2 Bit        Muxes := 2     
	   2 Input      1 Bit        Muxes := 4     
Module cv32e40x_if_stage 
Detailed RTL Component Info : 
+---Registers : 
	               32 Bit    Registers := 5     
	               16 Bit    Registers := 1     
	                2 Bit    Registers := 2     
	                1 Bit    Registers := 11    
+---Muxes : 
	   2 Input     32 Bit        Muxes := 1     
	   2 Input      2 Bit        Muxes := 2     
	   2 Input      1 Bit        Muxes := 6     
Module cv32e40x_pc_target 
Detailed RTL Component Info : 
+---Adders : 
	   2 Input     32 Bit       Adders := 1     
+---Muxes : 
	   4 Input     32 Bit        Muxes := 2     
Module cv32e40x_m_decoder 
Detailed RTL Component Info : 
+---Muxes : 
	   2 Input      5 Bit        Muxes := 2     
	   8 Input      5 Bit        Muxes := 1     
	   2 Input      2 Bit        Muxes := 6     
	   8 Input      2 Bit        Muxes := 3     
	   2 Input      1 Bit        Muxes := 9     
	   8 Input      1 Bit        Muxes := 4     
Module cv32e40x_i_decoder 
Detailed RTL Component Info : 
+---Muxes : 
	   7 Input      5 Bit        Muxes := 1     
	  10 Input      5 Bit        Muxes := 1     
	  12 Input      5 Bit        Muxes := 1     
	   6 Input      5 Bit        Muxes := 1     
	  12 Input      3 Bit        Muxes := 1     
	   7 Input      2 Bit        Muxes := 5     
	  10 Input      2 Bit        Muxes := 2     
	  12 Input      2 Bit        Muxes := 9     
	   2 Input      2 Bit        Muxes := 15    
	   4 Input      2 Bit        Muxes := 1     
	   5 Input      2 Bit        Muxes := 2     
	   7 Input      1 Bit        Muxes := 4     
	  10 Input      1 Bit        Muxes := 2     
	  12 Input      1 Bit        Muxes := 20    
	   4 Input      1 Bit        Muxes := 2     
	   2 Input      1 Bit        Muxes := 21    
	   5 Input      1 Bit        Muxes := 1     
	   9 Input      1 Bit        Muxes := 2     
Module cv32e40x_decoder 
Detailed RTL Component Info : 
+---Muxes : 
	   5 Input      6 Bit        Muxes := 1     
	   2 Input      6 Bit        Muxes := 2     
	   5 Input      2 Bit        Muxes := 6     
	   2 Input      2 Bit        Muxes := 16    
	   2 Input      1 Bit        Muxes := 4     
	   5 Input      1 Bit        Muxes := 7     
Module cv32e40x_id_stage 
Detailed RTL Component Info : 
+---Registers : 
	               32 Bit    Registers := 9     
	                6 Bit    Registers := 2     
	                5 Bit    Registers := 1     
	                2 Bit    Registers := 6     
	                1 Bit    Registers := 32    
+---Muxes : 
	   4 Input     32 Bit        Muxes := 4     
	   2 Input     32 Bit        Muxes := 6     
	   2 Input      5 Bit        Muxes := 1     
	   2 Input      3 Bit        Muxes := 1     
	   2 Input      1 Bit        Muxes := 1     
Module cv32e40x_div 
Detailed RTL Component Info : 
+---Adders : 
	   2 Input     32 Bit       Adders := 1     
	   2 Input      6 Bit       Adders := 2     
+---XORs : 
	   2 Input      1 Bit         XORs := 2     
+---Registers : 
	               32 Bit    Registers := 2     
	                6 Bit    Registers := 1     
	                1 Bit    Registers := 3     
+---Muxes : 
	   2 Input     32 Bit        Muxes := 7     
	   2 Input      6 Bit        Muxes := 2     
	   7 Input      2 Bit        Muxes := 1     
	   2 Input      1 Bit        Muxes := 5     
	   4 Input      1 Bit        Muxes := 8     
Module cv32e40x_mult 
Detailed RTL Component Info : 
+---Adders : 
	   2 Input     34 Bit       Adders := 1     
+---Registers : 
	               33 Bit    Registers := 1     
	                2 Bit    Registers := 1     
+---Multipliers : 
	                32x32  Multipliers := 1     
+---Muxes : 
	   2 Input     33 Bit        Muxes := 2     
	   4 Input     33 Bit        Muxes := 1     
	   2 Input     32 Bit        Muxes := 2     
	   2 Input     17 Bit        Muxes := 4     
	   4 Input     17 Bit        Muxes := 2     
	   5 Input      2 Bit        Muxes := 1     
	   2 Input      1 Bit        Muxes := 2     
	   4 Input      1 Bit        Muxes := 4     
Module cv32e40x_ff_one 
Detailed RTL Component Info : 
+---Muxes : 
	   8 Input      5 Bit        Muxes := 1     
	   9 Input      5 Bit        Muxes := 1     
	   2 Input      5 Bit        Muxes := 1     
	   9 Input      4 Bit        Muxes := 1     
	   5 Input      3 Bit        Muxes := 1     
	   3 Input      2 Bit        Muxes := 1     
	   2 Input      1 Bit        Muxes := 1     
Module cv32e40x_alu_b_cpop 
Detailed RTL Component Info : 
+---Adders : 
	  32 Input      6 Bit       Adders := 1     
Module cv32e40x_alu 
Detailed RTL Component Info : 
+---Adders : 
	   2 Input     33 Bit       Adders := 1     
	   2 Input     32 Bit       Adders := 1     
	   2 Input      6 Bit       Adders := 1     
+---XORs : 
	   2 Input     32 Bit         XORs := 2     
+---Muxes : 
	   2 Input     64 Bit        Muxes := 5     
	   2 Input     32 Bit        Muxes := 7     
	   4 Input     32 Bit        Muxes := 1     
	  20 Input     32 Bit        Muxes := 1     
	   2 Input      6 Bit        Muxes := 3     
	  23 Input      5 Bit        Muxes := 1     
	   2 Input      3 Bit        Muxes := 1     
	   3 Input      3 Bit        Muxes := 1     
	   5 Input      2 Bit        Muxes := 1     
	   4 Input      1 Bit        Muxes := 1     
	   2 Input      1 Bit        Muxes := 1     
Module cv32e40x_ex_stage 
Detailed RTL Component Info : 
+---Registers : 
	               32 Bit    Registers := 6     
	               12 Bit    Registers := 1     
	                5 Bit    Registers := 1     
	                2 Bit    Registers := 3     
	                1 Bit    Registers := 33    
+---Muxes : 
	   2 Input      1 Bit        Muxes := 3     
Module cv32e40x_wpt 
Detailed RTL Component Info : 
+---Registers : 
	               32 Bit    Registers := 1     
+---Muxes : 
	   3 Input     32 Bit        Muxes := 2     
	   3 Input      2 Bit        Muxes := 1     
	   2 Input      2 Bit        Muxes := 1     
	   3 Input      1 Bit        Muxes := 6     
Module cv32e40x_mpu__parameterized0 
Detailed RTL Component Info : 
+---Muxes : 
	   4 Input      3 Bit        Muxes := 1     
	   2 Input      3 Bit        Muxes := 3     
	   4 Input      2 Bit        Muxes := 1     
	   3 Input      1 Bit        Muxes := 5     
Module cv32e40x_align_check 
Detailed RTL Component Info : 
+---Muxes : 
	   4 Input      3 Bit        Muxes := 1     
	   2 Input      3 Bit        Muxes := 3     
	   4 Input      2 Bit        Muxes := 1     
	   3 Input      1 Bit        Muxes := 5     
Module cv32e40x_lsu_response_filter 
Detailed RTL Component Info : 
+---Adders : 
	   3 Input      2 Bit       Adders := 2     
+---Registers : 
	                2 Bit    Registers := 2     
	                1 Bit    Registers := 5     
+---Muxes : 
	   3 Input      1 Bit        Muxes := 3     
	   2 Input      1 Bit        Muxes := 1     
Module cv32e40x_write_buffer 
Detailed RTL Component Info : 
+---Registers : 
	               32 Bit    Registers := 2     
	                6 Bit    Registers := 1     
	                4 Bit    Registers := 1     
	                3 Bit    Registers := 1     
	                2 Bit    Registers := 1     
	                1 Bit    Registers := 3     
+---Muxes : 
	   2 Input     32 Bit        Muxes := 2     
	   2 Input      6 Bit        Muxes := 1     
	   2 Input      4 Bit        Muxes := 1     
	   2 Input      3 Bit        Muxes := 1     
	   2 Input      2 Bit        Muxes := 1     
	   2 Input      1 Bit        Muxes := 6     
Module cv32e40x_load_store_unit 
Detailed RTL Component Info : 
+---Adders : 
	   2 Input     32 Bit       Adders := 2     
	   2 Input      2 Bit       Adders := 2     
+---Registers : 
	               32 Bit    Registers := 1     
	                2 Bit    Registers := 3     
	                1 Bit    Registers := 4     
+---Muxes : 
	   2 Input     64 Bit        Muxes := 1     
	   2 Input     32 Bit        Muxes := 6     
	   4 Input     32 Bit        Muxes := 1     
	   2 Input      4 Bit        Muxes := 1     
	   4 Input      4 Bit        Muxes := 1     
	  10 Input      4 Bit        Muxes := 1     
	   4 Input      3 Bit        Muxes := 1     
	   4 Input      2 Bit        Muxes := 1     
	   2 Input      1 Bit        Muxes := 6     
	   4 Input      1 Bit        Muxes := 1     
	   3 Input      1 Bit        Muxes := 1     
Module cv32e40x_wb_stage 
Detailed RTL Component Info : 
+---Registers : 
	               32 Bit    Registers := 1     
	                2 Bit    Registers := 2     
	                1 Bit    Registers := 1     
+---Muxes : 
	   2 Input     32 Bit        Muxes := 7     
	   2 Input      2 Bit        Muxes := 8     
	   2 Input      1 Bit        Muxes := 3     
Module cv32e40x_csr 
Detailed RTL Component Info : 
+---Registers : 
	                1 Bit    Registers := 32    
Module cv32e40x_csr__parameterized7 
Detailed RTL Component Info : 
+---Registers : 
	                1 Bit    Registers := 32    
Module cv32e40x_debug_triggers 
Detailed RTL Component Info : 
+---Muxes : 
	   2 Input     32 Bit        Muxes := 9     
	   4 Input     32 Bit        Muxes := 1     
	   2 Input      2 Bit        Muxes := 6     
	   3 Input      1 Bit        Muxes := 2     
	   2 Input      1 Bit        Muxes := 3     
Module cv32e40x_cs_registers 
Detailed RTL Component Info : 
+---Adders : 
	   2 Input     64 Bit       Adders := 3     
+---Registers : 
	               64 Bit    Registers := 3     
	               32 Bit    Registers := 2     
+---Muxes : 
	   2 Input     64 Bit        Muxes := 12    
	   4 Input     32 Bit        Muxes := 3     
	   2 Input     32 Bit        Muxes := 12    
	  32 Input     32 Bit        Muxes := 1     
	  27 Input     32 Bit        Muxes := 1     
	   2 Input     25 Bit        Muxes := 1     
	   2 Input     16 Bit        Muxes := 12    
	   4 Input     11 Bit        Muxes := 1     
	   2 Input     11 Bit        Muxes := 1     
	   4 Input     10 Bit        Muxes := 1     
	   2 Input     10 Bit        Muxes := 1     
	   4 Input      8 Bit        Muxes := 2     
	   2 Input      8 Bit        Muxes := 2     
	  40 Input      5 Bit        Muxes := 1     
	   4 Input      4 Bit        Muxes := 1     
	   2 Input      4 Bit        Muxes := 1     
	   4 Input      3 Bit        Muxes := 1     
	   2 Input      3 Bit        Muxes := 1     
	   2 Input      2 Bit        Muxes := 12    
	   4 Input      2 Bit        Muxes := 4     
	   4 Input      1 Bit        Muxes := 35    
	  40 Input      1 Bit        Muxes := 2     
	   2 Input      1 Bit        Muxes := 53    
	  24 Input      1 Bit        Muxes := 1     
Module cv32e40x_controller_fsm 
Detailed RTL Component Info : 
+---Registers : 
	                3 Bit    Registers := 1     
	                1 Bit    Registers := 15    
+---Muxes : 
	   2 Input     32 Bit        Muxes := 1     
	   4 Input     32 Bit        Muxes := 2     
	   4 Input     11 Bit        Muxes := 1     
	   2 Input     10 Bit        Muxes := 6     
	   4 Input     10 Bit        Muxes := 2     
	   6 Input      5 Bit        Muxes := 1     
	   2 Input      5 Bit        Muxes := 1     
	   8 Input      4 Bit        Muxes := 1     
	   4 Input      4 Bit        Muxes := 1     
	   2 Input      4 Bit        Muxes := 1     
	   6 Input      3 Bit        Muxes := 1     
	   4 Input      3 Bit        Muxes := 3     
	   2 Input      3 Bit        Muxes := 1     
	   2 Input      2 Bit        Muxes := 9     
	   8 Input      2 Bit        Muxes := 1     
	  11 Input      2 Bit        Muxes := 1     
	   4 Input      2 Bit        Muxes := 3     
	  14 Input      2 Bit        Muxes := 1     
	   2 Input      1 Bit        Muxes := 42    
	   8 Input      1 Bit        Muxes := 2     
	  10 Input      1 Bit        Muxes := 3     
	   6 Input      1 Bit        Muxes := 1     
	   4 Input      1 Bit        Muxes := 30    
Module cv32e40x_controller_bypass 
Detailed RTL Component Info : 
+---Muxes : 
	   2 Input      2 Bit        Muxes := 4     
Module cv32e40x_register_file 
Detailed RTL Component Info : 
+---Registers : 
	               32 Bit    Registers := 32    
+---Muxes : 
	   2 Input      1 Bit        Muxes := 31    
---------------------------------------------------------------------------------
Finished RTL Hierarchical Component Statistics
---------------------------------------------------------------------------------
---------------------------------------------------------------------------------
Start Part Resource Summary
---------------------------------------------------------------------------------
Part Resources:
DSPs: 90 (col length:60)
BRAMs: 100 (col length: RAMB18 60 RAMB36 30)
---------------------------------------------------------------------------------
Finished Part Resource Summary
---------------------------------------------------------------------------------
---------------------------------------------------------------------------------
Start Cross Boundary and Area Optimization
---------------------------------------------------------------------------------
Warning: Parallel synthesis criteria is not met 
INFO: [Synth 8-5544] ROM "get_stack_adj_base" won't be mapped to Block RAM because address size (4) smaller than threshold (5)
INFO: [Synth 8-5546] ROM "decoder_i/i_decoder_i/decoder_ctrl_o" won't be mapped to RAM because it is too sparse
INFO: [Synth 8-5845] Not enough pipeline registers after wide multiplier. Recommended levels of pipeline registers is 4 [D:/KachiCodeRsp/customriscv/cv32e40x/rtl/cv32e40x_mult.sv:217]
DSP Report: Generating DSP int_result, operation Mode is: A*B.
DSP Report: operator int_result is absorbed into DSP int_result.
DSP Report: operator int_result is absorbed into DSP int_result.
DSP Report: Generating DSP int_result, operation Mode is: (PCIN>>17)+A*B.
DSP Report: operator int_result is absorbed into DSP int_result.
DSP Report: operator int_result is absorbed into DSP int_result.
DSP Report: Generating DSP int_result, operation Mode is: A*B.
DSP Report: operator int_result is absorbed into DSP int_result.
DSP Report: operator int_result is absorbed into DSP int_result.
DSP Report: Generating DSP int_result, operation Mode is: (PCIN>>17)+A*B.
DSP Report: operator int_result is absorbed into DSP int_result.
DSP Report: operator int_result is absorbed into DSP int_result.
INFO: [Synth 8-4471] merging register 'response_filter_i/outstanding_q_reg[1][bufferable]' into 'response_filter_i/outstanding_q_reg[0][bufferable]' [D:/KachiCodeRsp/customriscv/cv32e40x/rtl/cv32e40x_lsu_response_filter.sv:145]
INFO: [Synth 8-5546] ROM "csr_counter_read_o" won't be mapped to RAM because it is too sparse
INFO: [Synth 8-5546] ROM "csr_hz_o" won't be mapped to RAM because it is too sparse
INFO: [Synth 8-5546] ROM "mstatus_we" won't be mapped to RAM because it is too sparse
INFO: [Synth 8-5546] ROM "mie_we" won't be mapped to RAM because it is too sparse
INFO: [Synth 8-5546] ROM "dcsr_we" won't be mapped to RAM because it is too sparse
INFO: [Synth 8-5546] ROM "dpc_we" won't be mapped to RAM because it is too sparse
INFO: [Synth 8-5546] ROM "mcause_we" won't be mapped to RAM because it is too sparse
INFO: [Synth 8-5546] ROM "mepc_we" won't be mapped to RAM because it is too sparse
INFO: [Synth 8-5546] ROM "mscratch_we" won't be mapped to RAM because it is too sparse
INFO: [Synth 8-5546] ROM "tselect_we" won't be mapped to RAM because it is too sparse
INFO: [Synth 8-5546] ROM "tinfo_we" won't be mapped to RAM because it is too sparse
INFO: [Synth 8-5546] ROM "dscratch0_we" won't be mapped to RAM because it is too sparse
INFO: [Synth 8-5546] ROM "dscratch1_we" won't be mapped to RAM because it is too sparse
INFO: [Synth 8-3333] propagating constant 0 across sequential element (u_core/cs_registers_i/jvt_csr_i/\gen_csr[16].gen_unmasked.rdata_q_reg[16] )
INFO: [Synth 8-3333] propagating constant 0 across sequential element (u_core/cs_registers_i/jvt_csr_i/\gen_csr[17].gen_unmasked.rdata_q_reg[17] )
INFO: [Synth 8-3333] propagating constant 0 across sequential element (u_core/cs_registers_i/jvt_csr_i/\gen_csr[18].gen_unmasked.rdata_q_reg[18] )
INFO: [Synth 8-3333] propagating constant 0 across sequential element (u_core/cs_registers_i/jvt_csr_i/\gen_csr[19].gen_unmasked.rdata_q_reg[19] )
INFO: [Synth 8-3333] propagating constant 0 across sequential element (u_core/cs_registers_i/jvt_csr_i/\gen_csr[20].gen_unmasked.rdata_q_reg[20] )
INFO: [Synth 8-3333] propagating constant 0 across sequential element (u_core/cs_registers_i/jvt_csr_i/\gen_csr[21].gen_unmasked.rdata_q_reg[21] )
INFO: [Synth 8-3333] propagating constant 0 across sequential element (u_core/cs_registers_i/jvt_csr_i/\gen_csr[22].gen_unmasked.rdata_q_reg[22] )
INFO: [Synth 8-3333] propagating constant 0 across sequential element (u_core/cs_registers_i/jvt_csr_i/\gen_csr[23].gen_unmasked.rdata_q_reg[23] )
INFO: [Synth 8-3333] propagating constant 0 across sequential element (u_core/cs_registers_i/jvt_csr_i/\gen_csr[24].gen_unmasked.rdata_q_reg[24] )
INFO: [Synth 8-3333] propagating constant 0 across sequential element (u_core/cs_registers_i/jvt_csr_i/\gen_csr[25].gen_unmasked.rdata_q_reg[25] )
INFO: [Synth 8-3333] propagating constant 0 across sequential element (u_core/cs_registers_i/jvt_csr_i/\gen_csr[26].gen_unmasked.rdata_q_reg[26] )
INFO: [Synth 8-3333] propagating constant 0 across sequential element (u_core/cs_registers_i/jvt_csr_i/\gen_csr[27].gen_unmasked.rdata_q_reg[27] )
INFO: [Synth 8-3333] propagating constant 0 across sequential element (u_core/cs_registers_i/jvt_csr_i/\gen_csr[28].gen_unmasked.rdata_q_reg[28] )
INFO: [Synth 8-3333] propagating constant 0 across sequential element (u_core/cs_registers_i/jvt_csr_i/\gen_csr[29].gen_unmasked.rdata_q_reg[29] )
INFO: [Synth 8-3333] propagating constant 0 across sequential element (u_core/cs_registers_i/jvt_csr_i/\gen_csr[30].gen_unmasked.rdata_q_reg[30] )
INFO: [Synth 8-3333] propagating constant 0 across sequential element (u_core/cs_registers_i/jvt_csr_i/\gen_csr[31].gen_unmasked.rdata_q_reg[31] )
INFO: [Synth 8-3333] propagating constant 0 across sequential element (u_core/cs_registers_i/jvt_csr_i/\gen_csr[6].gen_unmasked.rdata_q_reg[6] )
INFO: [Synth 8-3333] propagating constant 0 across sequential element (u_core/cs_registers_i/jvt_csr_i/\gen_csr[7].gen_unmasked.rdata_q_reg[7] )
INFO: [Synth 8-3333] propagating constant 0 across sequential element (u_core/cs_registers_i/jvt_csr_i/\gen_csr[8].gen_unmasked.rdata_q_reg[8] )
INFO: [Synth 8-3333] propagating constant 0 across sequential element (u_core/cs_registers_i/jvt_csr_i/\gen_csr[9].gen_unmasked.rdata_q_reg[9] )
INFO: [Synth 8-3333] propagating constant 0 across sequential element (u_core/cs_registers_i/jvt_csr_i/\gen_csr[10].gen_unmasked.rdata_q_reg[10] )
INFO: [Synth 8-3333] propagating constant 0 across sequential element (u_core/cs_registers_i/jvt_csr_i/\gen_csr[11].gen_unmasked.rdata_q_reg[11] )
INFO: [Synth 8-3333] propagating constant 0 across sequential element (u_core/cs_registers_i/jvt_csr_i/\gen_csr[12].gen_unmasked.rdata_q_reg[12] )
INFO: [Synth 8-3333] propagating constant 0 across sequential element (u_core/cs_registers_i/jvt_csr_i/\gen_csr[13].gen_unmasked.rdata_q_reg[13] )
INFO: [Synth 8-3333] propagating constant 0 across sequential element (u_core/cs_registers_i/jvt_csr_i/\gen_csr[14].gen_unmasked.rdata_q_reg[14] )
INFO: [Synth 8-3333] propagating constant 0 across sequential element (u_core/cs_registers_i/jvt_csr_i/\gen_csr[15].gen_unmasked.rdata_q_reg[15] )
INFO: [Synth 8-3333] propagating constant 0 across sequential element (u_core/controller_i/\controller_fsm_i/nmi_is_store_q_reg )
INFO: [Synth 8-3333] propagating constant 0 across sequential element (u_core/load_store_unit_i/\write_buffer_i/trans_q_reg[wdata][28] )
INFO: [Synth 8-3333] propagating constant 0 across sequential element (u_core/load_store_unit_i/\write_buffer_i/trans_q_reg[wdata][29] )
INFO: [Synth 8-3333] propagating constant 0 across sequential element (u_core/load_store_unit_i/\write_buffer_i/trans_q_reg[wdata][12] )
INFO: [Synth 8-3333] propagating constant 0 across sequential element (u_core/load_store_unit_i/\write_buffer_i/trans_q_reg[wdata][13] )
INFO: [Synth 8-3333] propagating constant 0 across sequential element (u_core/load_store_unit_i/\write_buffer_i/trans_q_reg[wdata][20] )
INFO: [Synth 8-3333] propagating constant 0 across sequential element (u_core/load_store_unit_i/\write_buffer_i/trans_q_reg[wdata][21] )
INFO: [Synth 8-3333] propagating constant 0 across sequential element (u_core/load_store_unit_i/\write_buffer_i/trans_q_reg[wdata][4] )
INFO: [Synth 8-3333] propagating constant 0 across sequential element (u_core/load_store_unit_i/\write_buffer_i/trans_q_reg[wdata][5] )
INFO: [Synth 8-3333] propagating constant 0 across sequential element (u_core/load_store_unit_i/\write_buffer_i/trans_q_reg[wdata][0] )
INFO: [Synth 8-3333] propagating constant 0 across sequential element (u_core/load_store_unit_i/\write_buffer_i/trans_q_reg[wdata][1] )
INFO: [Synth 8-3333] propagating constant 0 across sequential element (u_core/load_store_unit_i/\write_buffer_i/trans_q_reg[wdata][16] )
INFO: [Synth 8-3333] propagating constant 0 across sequential element (u_core/load_store_unit_i/\write_buffer_i/trans_q_reg[wdata][17] )
INFO: [Synth 8-3333] propagating constant 0 across sequential element (u_core/load_store_unit_i/\write_buffer_i/trans_q_reg[wdata][24] )
INFO: [Synth 8-3333] propagating constant 0 across sequential element (u_core/load_store_unit_i/\write_buffer_i/trans_q_reg[wdata][25] )
INFO: [Synth 8-3333] propagating constant 0 across sequential element (u_core/load_store_unit_i/\write_buffer_i/trans_q_reg[wdata][8] )
INFO: [Synth 8-3333] propagating constant 0 across sequential element (u_core/load_store_unit_i/\write_buffer_i/trans_q_reg[wdata][9] )
INFO: [Synth 8-3333] propagating constant 0 across sequential element (u_core/load_store_unit_i/\write_buffer_i/trans_q_reg[wdata][2] )
INFO: [Synth 8-3333] propagating constant 0 across sequential element (u_core/load_store_unit_i/\write_buffer_i/trans_q_reg[wdata][3] )
INFO: [Synth 8-3333] propagating constant 0 across sequential element (u_core/load_store_unit_i/\write_buffer_i/trans_q_reg[wdata][18] )
INFO: [Synth 8-3333] propagating constant 0 across sequential element (u_core/load_store_unit_i/\write_buffer_i/trans_q_reg[wdata][19] )
INFO: [Synth 8-3333] propagating constant 0 across sequential element (u_core/load_store_unit_i/\write_buffer_i/trans_q_reg[wdata][26] )
INFO: [Synth 8-3333] propagating constant 0 across sequential element (u_core/load_store_unit_i/\write_buffer_i/trans_q_reg[wdata][27] )
INFO: [Synth 8-3333] propagating constant 0 across sequential element (u_core/load_store_unit_i/\write_buffer_i/trans_q_reg[wdata][10] )
INFO: [Synth 8-3333] propagating constant 0 across sequential element (u_core/load_store_unit_i/\write_buffer_i/trans_q_reg[wdata][11] )
INFO: [Synth 8-3333] propagating constant 0 across sequential element (u_core/load_store_unit_i/\write_buffer_i/trans_q_reg[wdata][30] )
INFO: [Synth 8-3333] propagating constant 0 across sequential element (u_core/load_store_unit_i/\write_buffer_i/trans_q_reg[wdata][31] )
INFO: [Synth 8-3333] propagating constant 0 across sequential element (u_core/load_store_unit_i/\write_buffer_i/trans_q_reg[be][3] )
INFO: [Synth 8-3333] propagating constant 0 across sequential element (u_core/load_store_unit_i/\write_buffer_i/trans_q_reg[wdata][14] )
INFO: [Synth 8-3333] propagating constant 0 across sequential element (u_core/load_store_unit_i/\write_buffer_i/trans_q_reg[wdata][15] )
INFO: [Synth 8-3333] propagating constant 0 across sequential element (u_core/load_store_unit_i/\write_buffer_i/trans_q_reg[be][1] )
INFO: [Synth 8-3333] propagating constant 0 across sequential element (u_core/load_store_unit_i/\write_buffer_i/trans_q_reg[wdata][22] )
INFO: [Synth 8-3333] propagating constant 0 across sequential element (u_core/load_store_unit_i/\write_buffer_i/trans_q_reg[wdata][23] )
INFO: [Synth 8-3333] propagating constant 0 across sequential element (u_core/load_store_unit_i/\write_buffer_i/trans_q_reg[be][2] )
INFO: [Synth 8-3333] propagating constant 0 across sequential element (u_core/load_store_unit_i/\write_buffer_i/trans_q_reg[wdata][6] )
INFO: [Synth 8-3333] propagating constant 0 across sequential element (u_core/load_store_unit_i/\write_buffer_i/trans_q_reg[wdata][7] )
INFO: [Synth 8-3333] propagating constant 0 across sequential element (u_core/load_store_unit_i/\write_buffer_i/trans_q_reg[addr][2] )
INFO: [Synth 8-3333] propagating constant 0 across sequential element (u_core/load_store_unit_i/\write_buffer_i/trans_q_reg[addr][3] )
INFO: [Synth 8-3333] propagating constant 0 across sequential element (u_core/load_store_unit_i/\write_buffer_i/trans_q_reg[addr][4] )
INFO: [Synth 8-3333] propagating constant 0 across sequential element (u_core/load_store_unit_i/\write_buffer_i/trans_q_reg[addr][5] )
INFO: [Synth 8-3333] propagating constant 0 across sequential element (u_core/load_store_unit_i/\write_buffer_i/trans_q_reg[addr][6] )
INFO: [Synth 8-3333] propagating constant 0 across sequential element (u_core/load_store_unit_i/\write_buffer_i/trans_q_reg[addr][7] )
INFO: [Synth 8-3333] propagating constant 0 across sequential element (u_core/load_store_unit_i/\write_buffer_i/trans_q_reg[addr][8] )
INFO: [Synth 8-3333] propagating constant 0 across sequential element (u_core/load_store_unit_i/\write_buffer_i/trans_q_reg[addr][9] )
INFO: [Synth 8-3333] propagating constant 0 across sequential element (u_core/load_store_unit_i/\write_buffer_i/trans_q_reg[addr][10] )
INFO: [Synth 8-3333] propagating constant 0 across sequential element (u_core/load_store_unit_i/\write_buffer_i/trans_q_reg[addr][11] )
INFO: [Synth 8-3333] propagating constant 0 across sequential element (u_core/load_store_unit_i/\write_buffer_i/trans_q_reg[addr][12] )
INFO: [Synth 8-3333] propagating constant 0 across sequential element (u_core/load_store_unit_i/\write_buffer_i/trans_q_reg[addr][13] )
INFO: [Synth 8-3333] propagating constant 0 across sequential element (u_core/load_store_unit_i/\write_buffer_i/trans_q_reg[addr][14] )
INFO: [Synth 8-3333] propagating constant 0 across sequential element (u_core/load_store_unit_i/\write_buffer_i/trans_q_reg[addr][15] )
INFO: [Synth 8-3333] propagating constant 1 across sequential element (u_core/load_store_unit_i/\write_buffer_i/trans_q_reg[we] )
INFO: [Synth 8-3333] propagating constant 0 across sequential element (u_core/load_store_unit_i/\write_buffer_i/trans_q_reg[be][0] )
INFO: [Synth 8-3333] propagating constant 0 across sequential element (u_core/if_stage_i/\prefetch_unit_i/alignment_buffer_i/addr_q_reg[0] )
INFO: [Synth 8-3333] propagating constant 1 across sequential element (u_core/if_stage_i/\prefetch_unit_i/alignment_buffer_i/instr_priv_lvl_q_reg[0] )
INFO: [Synth 8-3333] propagating constant 1 across sequential element (u_core/if_stage_i/\prefetch_unit_i/alignment_buffer_i/instr_priv_lvl_q_reg[1] )
INFO: [Synth 8-3886] merging instance 'u_core/if_stage_i/prefetch_unit_i/alignment_buffer_i/is_clic_ptr_q_reg' (FDCE) to 'u_core/if_stage_i/prefetch_unit_i/alignment_buffer_i/is_mret_ptr_q_reg'
INFO: [Synth 8-3333] propagating constant 0 across sequential element (u_core/if_stage_i/\prefetch_unit_i/alignment_buffer_i/is_mret_ptr_q_reg )
INFO: [Synth 8-3333] propagating constant 0 across sequential element (u_core/\register_file_wrapper_i/register_file_i /\mem_reg[0][12] )
INFO: [Synth 8-3333] propagating constant 0 across sequential element (u_core/\register_file_wrapper_i/register_file_i /\mem_reg[0][13] )
INFO: [Synth 8-3333] propagating constant 0 across sequential element (u_core/\register_file_wrapper_i/register_file_i /\mem_reg[0][14] )
INFO: [Synth 8-3333] propagating constant 0 across sequential element (u_core/\register_file_wrapper_i/register_file_i /\mem_reg[0][15] )
INFO: [Synth 8-3333] propagating constant 0 across sequential element (u_core/\register_file_wrapper_i/register_file_i /\mem_reg[0][16] )
INFO: [Synth 8-3333] propagating constant 0 across sequential element (u_core/\register_file_wrapper_i/register_file_i /\mem_reg[0][17] )
INFO: [Synth 8-3333] propagating constant 0 across sequential element (u_core/\register_file_wrapper_i/register_file_i /\mem_reg[0][18] )
INFO: [Synth 8-3333] propagating constant 0 across sequential element (u_core/\register_file_wrapper_i/register_file_i /\mem_reg[0][19] )
INFO: [Synth 8-3333] propagating constant 0 across sequential element (u_core/\register_file_wrapper_i/register_file_i /\mem_reg[0][20] )
INFO: [Synth 8-3333] propagating constant 0 across sequential element (u_core/\register_file_wrapper_i/register_file_i /\mem_reg[0][21] )
INFO: [Synth 8-3333] propagating constant 0 across sequential element (u_core/\register_file_wrapper_i/register_file_i /\mem_reg[0][22] )
INFO: [Synth 8-3333] propagating constant 0 across sequential element (u_core/\register_file_wrapper_i/register_file_i /\mem_reg[0][23] )
INFO: [Synth 8-3333] propagating constant 0 across sequential element (u_core/\register_file_wrapper_i/register_file_i /\mem_reg[0][24] )
INFO: [Synth 8-3333] propagating constant 0 across sequential element (u_core/\register_file_wrapper_i/register_file_i /\mem_reg[0][25] )
INFO: [Synth 8-3333] propagating constant 0 across sequential element (u_core/\register_file_wrapper_i/register_file_i /\mem_reg[0][26] )
INFO: [Synth 8-3333] propagating constant 0 across sequential element (u_core/\register_file_wrapper_i/register_file_i /\mem_reg[0][27] )
INFO: [Synth 8-3333] propagating constant 0 across sequential element (u_core/\register_file_wrapper_i/register_file_i /\mem_reg[0][28] )
INFO: [Synth 8-3333] propagating constant 0 across sequential element (u_core/\register_file_wrapper_i/register_file_i /\mem_reg[0][29] )
INFO: [Common 17-14] Message 'Synth 8-3333' appears 100 times and further instances of the messages will be disabled. Use the Tcl command set_msg_config to change the current settings.
INFO: [Synth 8-3886] merging instance 'u_core/if_stage_i/if_id_pipe_o_reg[xif_id][0]' (FDCE) to 'u_core/if_stage_i/if_id_pipe_o_reg[trigger_match][1]'
INFO: [Synth 8-3886] merging instance 'u_core/if_stage_i/if_id_pipe_o_reg[xif_id][1]' (FDCE) to 'u_core/if_stage_i/if_id_pipe_o_reg[trigger_match][1]'
INFO: [Synth 8-3886] merging instance 'u_core/if_stage_i/if_id_pipe_o_reg[xif_id][2]' (FDCE) to 'u_core/if_stage_i/if_id_pipe_o_reg[trigger_match][1]'
INFO: [Synth 8-3886] merging instance 'u_core/if_stage_i/if_id_pipe_o_reg[xif_id][3]' (FDCE) to 'u_core/if_stage_i/if_id_pipe_o_reg[trigger_match][1]'
INFO: [Synth 8-3886] merging instance 'u_core/if_stage_i/if_id_pipe_o_reg[xif_id][4]' (FDCE) to 'u_core/if_stage_i/if_id_pipe_o_reg[trigger_match][1]'
INFO: [Synth 8-3886] merging instance 'u_core/if_stage_i/if_id_pipe_o_reg[xif_id][5]' (FDCE) to 'u_core/if_stage_i/if_id_pipe_o_reg[trigger_match][1]'
INFO: [Synth 8-3886] merging instance 'u_core/if_stage_i/if_id_pipe_o_reg[xif_id][6]' (FDCE) to 'u_core/if_stage_i/if_id_pipe_o_reg[trigger_match][1]'
INFO: [Synth 8-3886] merging instance 'u_core/if_stage_i/if_id_pipe_o_reg[xif_id][7]' (FDCE) to 'u_core/if_stage_i/if_id_pipe_o_reg[trigger_match][1]'
INFO: [Synth 8-3886] merging instance 'u_core/if_stage_i/if_id_pipe_o_reg[xif_id][8]' (FDCE) to 'u_core/if_stage_i/if_id_pipe_o_reg[trigger_match][1]'
INFO: [Synth 8-3886] merging instance 'u_core/if_stage_i/if_id_pipe_o_reg[xif_id][9]' (FDCE) to 'u_core/if_stage_i/if_id_pipe_o_reg[trigger_match][1]'
INFO: [Synth 8-3886] merging instance 'u_core/if_stage_i/if_id_pipe_o_reg[xif_id][10]' (FDCE) to 'u_core/if_stage_i/if_id_pipe_o_reg[trigger_match][1]'
INFO: [Synth 8-3886] merging instance 'u_core/if_stage_i/if_id_pipe_o_reg[xif_id][11]' (FDCE) to 'u_core/if_stage_i/if_id_pipe_o_reg[trigger_match][1]'
INFO: [Synth 8-3886] merging instance 'u_core/if_stage_i/if_id_pipe_o_reg[xif_id][12]' (FDCE) to 'u_core/if_stage_i/if_id_pipe_o_reg[trigger_match][1]'
INFO: [Synth 8-3886] merging instance 'u_core/if_stage_i/if_id_pipe_o_reg[xif_id][13]' (FDCE) to 'u_core/if_stage_i/if_id_pipe_o_reg[trigger_match][1]'
INFO: [Synth 8-3886] merging instance 'u_core/if_stage_i/if_id_pipe_o_reg[xif_id][14]' (FDCE) to 'u_core/if_stage_i/if_id_pipe_o_reg[trigger_match][1]'
INFO: [Synth 8-3886] merging instance 'u_core/if_stage_i/if_id_pipe_o_reg[xif_id][15]' (FDCE) to 'u_core/if_stage_i/if_id_pipe_o_reg[trigger_match][1]'
INFO: [Synth 8-3886] merging instance 'u_core/if_stage_i/if_id_pipe_o_reg[xif_id][16]' (FDCE) to 'u_core/if_stage_i/if_id_pipe_o_reg[trigger_match][1]'
INFO: [Synth 8-3886] merging instance 'u_core/if_stage_i/if_id_pipe_o_reg[xif_id][17]' (FDCE) to 'u_core/if_stage_i/if_id_pipe_o_reg[trigger_match][1]'
INFO: [Synth 8-3886] merging instance 'u_core/if_stage_i/if_id_pipe_o_reg[xif_id][18]' (FDCE) to 'u_core/if_stage_i/if_id_pipe_o_reg[trigger_match][1]'
INFO: [Synth 8-3886] merging instance 'u_core/if_stage_i/if_id_pipe_o_reg[xif_id][19]' (FDCE) to 'u_core/if_stage_i/if_id_pipe_o_reg[trigger_match][1]'
INFO: [Synth 8-3886] merging instance 'u_core/if_stage_i/if_id_pipe_o_reg[xif_id][20]' (FDCE) to 'u_core/if_stage_i/if_id_pipe_o_reg[trigger_match][1]'
INFO: [Synth 8-3886] merging instance 'u_core/if_stage_i/if_id_pipe_o_reg[xif_id][21]' (FDCE) to 'u_core/if_stage_i/if_id_pipe_o_reg[trigger_match][1]'
INFO: [Synth 8-3886] merging instance 'u_core/if_stage_i/if_id_pipe_o_reg[xif_id][22]' (FDCE) to 'u_core/if_stage_i/if_id_pipe_o_reg[trigger_match][1]'
INFO: [Synth 8-3886] merging instance 'u_core/if_stage_i/if_id_pipe_o_reg[xif_id][23]' (FDCE) to 'u_core/if_stage_i/if_id_pipe_o_reg[trigger_match][1]'
INFO: [Synth 8-3886] merging instance 'u_core/if_stage_i/if_id_pipe_o_reg[xif_id][24]' (FDCE) to 'u_core/if_stage_i/if_id_pipe_o_reg[trigger_match][1]'
INFO: [Synth 8-3886] merging instance 'u_core/if_stage_i/if_id_pipe_o_reg[xif_id][25]' (FDCE) to 'u_core/if_stage_i/if_id_pipe_o_reg[trigger_match][1]'
INFO: [Synth 8-3886] merging instance 'u_core/if_stage_i/if_id_pipe_o_reg[xif_id][26]' (FDCE) to 'u_core/if_stage_i/if_id_pipe_o_reg[trigger_match][1]'
INFO: [Synth 8-3886] merging instance 'u_core/if_stage_i/if_id_pipe_o_reg[xif_id][27]' (FDCE) to 'u_core/if_stage_i/if_id_pipe_o_reg[trigger_match][1]'
INFO: [Synth 8-3886] merging instance 'u_core/if_stage_i/if_id_pipe_o_reg[xif_id][28]' (FDCE) to 'u_core/if_stage_i/if_id_pipe_o_reg[trigger_match][1]'
INFO: [Synth 8-3886] merging instance 'u_core/if_stage_i/if_id_pipe_o_reg[xif_id][29]' (FDCE) to 'u_core/if_stage_i/if_id_pipe_o_reg[trigger_match][1]'
INFO: [Synth 8-3886] merging instance 'u_core/if_stage_i/if_id_pipe_o_reg[xif_id][30]' (FDCE) to 'u_core/if_stage_i/if_id_pipe_o_reg[trigger_match][1]'
INFO: [Synth 8-3886] merging instance 'u_core/if_stage_i/if_id_pipe_o_reg[xif_id][31]' (FDCE) to 'u_core/if_stage_i/if_id_pipe_o_reg[trigger_match][1]'
INFO: [Synth 8-3886] merging instance 'u_core/if_stage_i/if_id_pipe_o_reg[trigger_match][1]' (FDCE) to 'u_core/if_stage_i/if_id_pipe_o_reg[trigger_match][2]'
INFO: [Synth 8-3886] merging instance 'u_core/if_stage_i/if_id_pipe_o_reg[trigger_match][2]' (FDCE) to 'u_core/if_stage_i/if_id_pipe_o_reg[trigger_match][3]'
INFO: [Synth 8-3886] merging instance 'u_core/if_stage_i/if_id_pipe_o_reg[trigger_match][3]' (FDCE) to 'u_core/if_stage_i/if_id_pipe_o_reg[trigger_match][4]'
INFO: [Synth 8-3886] merging instance 'u_core/if_stage_i/if_id_pipe_o_reg[trigger_match][4]' (FDCE) to 'u_core/if_stage_i/if_id_pipe_o_reg[trigger_match][5]'
INFO: [Synth 8-3886] merging instance 'u_core/if_stage_i/if_id_pipe_o_reg[trigger_match][5]' (FDCE) to 'u_core/if_stage_i/if_id_pipe_o_reg[trigger_match][6]'
INFO: [Synth 8-3886] merging instance 'u_core/if_stage_i/if_id_pipe_o_reg[trigger_match][6]' (FDCE) to 'u_core/if_stage_i/if_id_pipe_o_reg[trigger_match][7]'
INFO: [Synth 8-3886] merging instance 'u_core/if_stage_i/if_id_pipe_o_reg[trigger_match][7]' (FDCE) to 'u_core/if_stage_i/if_id_pipe_o_reg[trigger_match][8]'
INFO: [Synth 8-3886] merging instance 'u_core/if_stage_i/if_id_pipe_o_reg[trigger_match][8]' (FDCE) to 'u_core/if_stage_i/if_id_pipe_o_reg[trigger_match][9]'
INFO: [Synth 8-3886] merging instance 'u_core/if_stage_i/if_id_pipe_o_reg[trigger_match][9]' (FDCE) to 'u_core/if_stage_i/if_id_pipe_o_reg[trigger_match][10]'
INFO: [Synth 8-3886] merging instance 'u_core/if_stage_i/if_id_pipe_o_reg[trigger_match][10]' (FDCE) to 'u_core/if_stage_i/if_id_pipe_o_reg[trigger_match][11]'
INFO: [Synth 8-3886] merging instance 'u_core/if_stage_i/if_id_pipe_o_reg[trigger_match][11]' (FDCE) to 'u_core/if_stage_i/if_id_pipe_o_reg[trigger_match][12]'
INFO: [Synth 8-3886] merging instance 'u_core/if_stage_i/if_id_pipe_o_reg[trigger_match][12]' (FDCE) to 'u_core/if_stage_i/if_id_pipe_o_reg[trigger_match][13]'
INFO: [Synth 8-3886] merging instance 'u_core/if_stage_i/if_id_pipe_o_reg[trigger_match][13]' (FDCE) to 'u_core/if_stage_i/if_id_pipe_o_reg[trigger_match][14]'
INFO: [Synth 8-3886] merging instance 'u_core/if_stage_i/if_id_pipe_o_reg[trigger_match][14]' (FDCE) to 'u_core/if_stage_i/if_id_pipe_o_reg[trigger_match][15]'
INFO: [Synth 8-3886] merging instance 'u_core/if_stage_i/if_id_pipe_o_reg[trigger_match][15]' (FDCE) to 'u_core/if_stage_i/if_id_pipe_o_reg[trigger_match][16]'
INFO: [Synth 8-3886] merging instance 'u_core/if_stage_i/if_id_pipe_o_reg[trigger_match][16]' (FDCE) to 'u_core/if_stage_i/if_id_pipe_o_reg[trigger_match][17]'
INFO: [Synth 8-3886] merging instance 'u_core/if_stage_i/if_id_pipe_o_reg[trigger_match][17]' (FDCE) to 'u_core/if_stage_i/if_id_pipe_o_reg[trigger_match][18]'
INFO: [Synth 8-3886] merging instance 'u_core/if_stage_i/if_id_pipe_o_reg[trigger_match][18]' (FDCE) to 'u_core/if_stage_i/if_id_pipe_o_reg[trigger_match][19]'
INFO: [Synth 8-3886] merging instance 'u_core/if_stage_i/if_id_pipe_o_reg[trigger_match][19]' (FDCE) to 'u_core/if_stage_i/if_id_pipe_o_reg[trigger_match][20]'
INFO: [Synth 8-3886] merging instance 'u_core/if_stage_i/if_id_pipe_o_reg[trigger_match][20]' (FDCE) to 'u_core/if_stage_i/if_id_pipe_o_reg[trigger_match][21]'
INFO: [Synth 8-3886] merging instance 'u_core/if_stage_i/if_id_pipe_o_reg[trigger_match][21]' (FDCE) to 'u_core/if_stage_i/if_id_pipe_o_reg[trigger_match][22]'
INFO: [Synth 8-3886] merging instance 'u_core/if_stage_i/if_id_pipe_o_reg[trigger_match][22]' (FDCE) to 'u_core/if_stage_i/if_id_pipe_o_reg[trigger_match][23]'
INFO: [Synth 8-3886] merging instance 'u_core/if_stage_i/if_id_pipe_o_reg[trigger_match][23]' (FDCE) to 'u_core/if_stage_i/if_id_pipe_o_reg[trigger_match][24]'
INFO: [Synth 8-3886] merging instance 'u_core/if_stage_i/if_id_pipe_o_reg[trigger_match][24]' (FDCE) to 'u_core/if_stage_i/if_id_pipe_o_reg[trigger_match][25]'
INFO: [Synth 8-3886] merging instance 'u_core/if_stage_i/if_id_pipe_o_reg[trigger_match][25]' (FDCE) to 'u_core/if_stage_i/if_id_pipe_o_reg[trigger_match][26]'
INFO: [Synth 8-3886] merging instance 'u_core/if_stage_i/if_id_pipe_o_reg[trigger_match][26]' (FDCE) to 'u_core/if_stage_i/if_id_pipe_o_reg[trigger_match][27]'
INFO: [Synth 8-3886] merging instance 'u_core/if_stage_i/if_id_pipe_o_reg[trigger_match][27]' (FDCE) to 'u_core/if_stage_i/if_id_pipe_o_reg[trigger_match][28]'
INFO: [Synth 8-3886] merging instance 'u_core/if_stage_i/if_id_pipe_o_reg[trigger_match][28]' (FDCE) to 'u_core/if_stage_i/if_id_pipe_o_reg[trigger_match][29]'
INFO: [Synth 8-3886] merging instance 'u_core/if_stage_i/if_id_pipe_o_reg[trigger_match][29]' (FDCE) to 'u_core/if_stage_i/if_id_pipe_o_reg[trigger_match][30]'
INFO: [Synth 8-3886] merging instance 'u_core/if_stage_i/if_id_pipe_o_reg[trigger_match][30]' (FDCE) to 'u_core/if_stage_i/if_id_pipe_o_reg[trigger_match][31]'
INFO: [Synth 8-3886] merging instance 'u_core/if_stage_i/if_id_pipe_o_reg[trigger_match][31]' (FDCE) to 'u_core/if_stage_i/if_id_pipe_o_reg[instr_meta][mret_ptr]'
INFO: [Synth 8-3886] merging instance 'u_core/if_stage_i/if_id_pipe_o_reg[instr_meta][clic_ptr]' (FDCE) to 'u_core/if_stage_i/if_id_pipe_o_reg[instr_meta][mret_ptr]'
INFO: [Synth 8-3886] merging instance 'u_core/id_stage_i/id_ex_pipe_o_reg[lsu_atop][4]' (FDCE) to 'u_core/id_stage_i/id_ex_pipe_o_reg[lsu_atop][5]'
INFO: [Synth 8-3886] merging instance 'u_core/id_stage_i/id_ex_pipe_o_reg[lsu_atop][3]' (FDCE) to 'u_core/id_stage_i/id_ex_pipe_o_reg[lsu_atop][5]'
INFO: [Synth 8-3886] merging instance 'u_core/id_stage_i/id_ex_pipe_o_reg[lsu_atop][2]' (FDCE) to 'u_core/id_stage_i/id_ex_pipe_o_reg[lsu_atop][5]'
INFO: [Synth 8-3886] merging instance 'u_core/id_stage_i/id_ex_pipe_o_reg[lsu_atop][1]' (FDCE) to 'u_core/id_stage_i/id_ex_pipe_o_reg[lsu_atop][5]'
INFO: [Synth 8-3886] merging instance 'u_core/id_stage_i/id_ex_pipe_o_reg[lsu_atop][0]' (FDCE) to 'u_core/id_stage_i/id_ex_pipe_o_reg[lsu_atop][5]'
INFO: [Synth 8-3886] merging instance 'u_core/ex_stage_i/ex_wb_pipe_o_reg[xif_meta][accepted]' (FDCE) to 'u_core/ex_stage_i/ex_wb_pipe_o_reg[xif_meta][exception]'
INFO: [Synth 8-3886] merging instance 'u_core/ex_stage_i/ex_wb_pipe_o_reg[xif_meta][exception]' (FDCE) to 'u_core/ex_stage_i/ex_wb_pipe_o_reg[xif_en]'
INFO: [Synth 8-3886] merging instance 'u_core/gen_basic_interrupt.int_controller_i/irq_q_reg[0]' (FDC) to 'u_core/gen_basic_interrupt.int_controller_i/irq_q_reg[1]'
INFO: [Synth 8-3886] merging instance 'u_core/gen_basic_interrupt.int_controller_i/irq_q_reg[1]' (FDC) to 'u_core/gen_basic_interrupt.int_controller_i/irq_q_reg[2]'
INFO: [Synth 8-3886] merging instance 'u_core/gen_basic_interrupt.int_controller_i/irq_q_reg[2]' (FDC) to 'u_core/gen_basic_interrupt.int_controller_i/irq_q_reg[4]'
INFO: [Synth 8-3886] merging instance 'u_core/gen_basic_interrupt.int_controller_i/irq_q_reg[4]' (FDC) to 'u_core/gen_basic_interrupt.int_controller_i/irq_q_reg[5]'
INFO: [Synth 8-3886] merging instance 'u_core/gen_basic_interrupt.int_controller_i/irq_q_reg[5]' (FDC) to 'u_core/gen_basic_interrupt.int_controller_i/irq_q_reg[6]'
INFO: [Synth 8-3886] merging instance 'u_core/gen_basic_interrupt.int_controller_i/irq_q_reg[6]' (FDC) to 'u_core/gen_basic_interrupt.int_controller_i/irq_q_reg[8]'
INFO: [Synth 8-3886] merging instance 'u_core/gen_basic_interrupt.int_controller_i/irq_q_reg[8]' (FDC) to 'u_core/gen_basic_interrupt.int_controller_i/irq_q_reg[9]'
INFO: [Synth 8-3886] merging instance 'u_core/gen_basic_interrupt.int_controller_i/irq_q_reg[9]' (FDC) to 'u_core/gen_basic_interrupt.int_controller_i/irq_q_reg[10]'
INFO: [Synth 8-3886] merging instance 'u_core/gen_basic_interrupt.int_controller_i/irq_q_reg[10]' (FDC) to 'u_core/gen_basic_interrupt.int_controller_i/irq_q_reg[11]'
INFO: [Synth 8-3886] merging instance 'u_core/gen_basic_interrupt.int_controller_i/irq_q_reg[11]' (FDC) to 'u_core/gen_basic_interrupt.int_controller_i/irq_q_reg[12]'
INFO: [Synth 8-3886] merging instance 'u_core/gen_basic_interrupt.int_controller_i/irq_q_reg[12]' (FDC) to 'u_core/gen_basic_interrupt.int_controller_i/irq_q_reg[13]'
INFO: [Synth 8-3886] merging instance 'u_core/gen_basic_interrupt.int_controller_i/irq_q_reg[13]' (FDC) to 'u_core/gen_basic_interrupt.int_controller_i/irq_q_reg[14]'
INFO: [Synth 8-3886] merging instance 'u_core/gen_basic_interrupt.int_controller_i/irq_q_reg[14]' (FDC) to 'u_core/gen_basic_interrupt.int_controller_i/irq_q_reg[15]'
INFO: [Synth 8-3886] merging instance 'u_core/gen_basic_interrupt.int_controller_i/irq_q_reg[15]' (FDC) to 'u_core/gen_basic_interrupt.int_controller_i/irq_q_reg[16]'
INFO: [Synth 8-3886] merging instance 'u_core/gen_basic_interrupt.int_controller_i/irq_q_reg[16]' (FDC) to 'u_core/gen_basic_interrupt.int_controller_i/irq_q_reg[17]'
INFO: [Synth 8-3886] merging instance 'u_core/gen_basic_interrupt.int_controller_i/irq_q_reg[17]' (FDC) to 'u_core/gen_basic_interrupt.int_controller_i/irq_q_reg[18]'
INFO: [Synth 8-3886] merging instance 'u_core/gen_basic_interrupt.int_controller_i/irq_q_reg[18]' (FDC) to 'u_core/gen_basic_interrupt.int_controller_i/irq_q_reg[19]'
INFO: [Synth 8-3886] merging instance 'u_core/gen_basic_interrupt.int_controller_i/irq_q_reg[19]' (FDC) to 'u_core/gen_basic_interrupt.int_controller_i/irq_q_reg[20]'
INFO: [Synth 8-3886] merging instance 'u_core/gen_basic_interrupt.int_controller_i/irq_q_reg[20]' (FDC) to 'u_core/gen_basic_interrupt.int_controller_i/irq_q_reg[21]'
INFO: [Synth 8-3886] merging instance 'u_core/gen_basic_interrupt.int_controller_i/irq_q_reg[21]' (FDC) to 'u_core/gen_basic_interrupt.int_controller_i/irq_q_reg[22]'
INFO: [Synth 8-3886] merging instance 'u_core/gen_basic_interrupt.int_controller_i/irq_q_reg[22]' (FDC) to 'u_core/gen_basic_interrupt.int_controller_i/irq_q_reg[23]'
INFO: [Synth 8-3886] merging instance 'u_core/gen_basic_interrupt.int_controller_i/irq_q_reg[23]' (FDC) to 'u_core/gen_basic_interrupt.int_controller_i/irq_q_reg[24]'
INFO: [Synth 8-3886] merging instance 'u_core/gen_basic_interrupt.int_controller_i/irq_q_reg[24]' (FDC) to 'u_core/gen_basic_interrupt.int_controller_i/irq_q_reg[25]'
INFO: [Synth 8-3886] merging instance 'u_core/gen_basic_interrupt.int_controller_i/irq_q_reg[25]' (FDC) to 'u_core/gen_basic_interrupt.int_controller_i/irq_q_reg[26]'
INFO: [Synth 8-3886] merging instance 'u_core/gen_basic_interrupt.int_controller_i/irq_q_reg[26]' (FDC) to 'u_core/gen_basic_interrupt.int_controller_i/irq_q_reg[27]'
INFO: [Synth 8-3886] merging instance 'u_core/gen_basic_interrupt.int_controller_i/irq_q_reg[27]' (FDC) to 'u_core/gen_basic_interrupt.int_controller_i/irq_q_reg[28]'
INFO: [Synth 8-3886] merging instance 'u_core/gen_basic_interrupt.int_controller_i/irq_q_reg[28]' (FDC) to 'u_core/gen_basic_interrupt.int_controller_i/irq_q_reg[29]'
INFO: [Synth 8-3886] merging instance 'u_core/gen_basic_interrupt.int_controller_i/irq_q_reg[29]' (FDC) to 'u_core/gen_basic_interrupt.int_controller_i/irq_q_reg[30]'
INFO: [Common 17-14] Message 'Synth 8-3886' appears 100 times and further instances of the messages will be disabled. Use the Tcl command set_msg_config to change the current settings.
---------------------------------------------------------------------------------
Finished Cross Boundary and Area Optimization : Time (s): cpu = 00:01:28 ; elapsed = 00:01:29 . Memory (MB): peak = 1318.645 ; gain = 590.113
---------------------------------------------------------------------------------
---------------------------------------------------------------------------------
Start ROM, RAM, DSP and Shift Register Reporting
---------------------------------------------------------------------------------

Block RAM: Preliminary Mapping	Report (see note below)
+------------------+--------------------+------------------------+---+---+------------------------+---+---+------------------+--------+--------+
|Module Name       | RTL Object         | PORT A (Depth x Width) | W | R | PORT B (Depth x Width) | W | R | Ports driving FF | RAMB18 | RAMB36 | 
+------------------+--------------------+------------------------+---+---+------------------------+---+---+------------------+--------+--------+
|cv32e40x_fpga_top | data_mem_byte0_reg | 16 K x 8(READ_FIRST)   | W |   | 16 K x 8(WRITE_FIRST)  |   | R | Port A and B     | 0      | 4      | 
|cv32e40x_fpga_top | data_mem_byte1_reg | 16 K x 8(READ_FIRST)   | W |   | 16 K x 8(WRITE_FIRST)  |   | R | Port A and B     | 0      | 4      | 
|cv32e40x_fpga_top | data_mem_byte2_reg | 16 K x 8(READ_FIRST)   | W |   | 16 K x 8(WRITE_FIRST)  |   | R | Port A and B     | 0      | 4      | 
|cv32e40x_fpga_top | data_mem_byte3_reg | 16 K x 8(READ_FIRST)   | W |   | 16 K x 8(WRITE_FIRST)  |   | R | Port A and B     | 0      | 4      | 
+------------------+--------------------+------------------------+---+---+------------------------+---+---+------------------+--------+--------+

Note: The table above is a preliminary report that shows the Block RAMs at the current stage of the synthesis flow. Some Block RAMs may be reimplemented as non Block RAM primitives later in the synthesis flow. Multiple instantiated Block RAMs are reported only once. 

DSP: Preliminary Mapping	Report (see note below)
+--------------+----------------+--------+--------+--------+--------+--------+------+------+------+------+-------+------+------+
|Module Name   | DSP Mapping    | A Size | B Size | C Size | D Size | P Size | AREG | BREG | CREG | DREG | ADREG | MREG | PREG | 
+--------------+----------------+--------+--------+--------+--------+--------+------+------+------+------+-------+------+------+
|cv32e40x_mult | A*B            | 18     | 15     | -      | -      | 48     | 0    | 0    | -    | -    | -     | 0    | 0    | 
|cv32e40x_mult | (PCIN>>17)+A*B | 15     | 15     | -      | -      | 48     | 0    | 0    | -    | -    | -     | 0    | 0    | 
|cv32e40x_mult | A*B            | 18     | 18     | -      | -      | 48     | 0    | 0    | -    | -    | -     | 0    | 0    | 
|cv32e40x_mult | (PCIN>>17)+A*B | 18     | 15     | -      | -      | 48     | 0    | 0    | -    | -    | -     | 0    | 0    | 
+--------------+----------------+--------+--------+--------+--------+--------+------+------+------+------+-------+------+------+

Note: The table above is a preliminary report that shows the DSPs inferred at the current stage of the synthesis flow. Some DSP may be reimplemented as non DSP primitives later in the synthesis flow. Multiple instantiated DSPs are reported only once.
---------------------------------------------------------------------------------
Finished ROM, RAM, DSP and Shift Register Reporting
---------------------------------------------------------------------------------

Report RTL Partitions: 
+-+--------------+------------+----------+
| |RTL Partition |Replication |Instances |
+-+--------------+------------+----------+
+-+--------------+------------+----------+
---------------------------------------------------------------------------------
Start Applying XDC Timing Constraints
---------------------------------------------------------------------------------
---------------------------------------------------------------------------------
Finished Applying XDC Timing Constraints : Time (s): cpu = 00:01:35 ; elapsed = 00:01:36 . Memory (MB): peak = 1318.645 ; gain = 590.113
---------------------------------------------------------------------------------
---------------------------------------------------------------------------------
Start Timing Optimization
---------------------------------------------------------------------------------
---------------------------------------------------------------------------------
Finished Timing Optimization : Time (s): cpu = 00:02:15 ; elapsed = 00:02:16 . Memory (MB): peak = 1511.434 ; gain = 782.902
---------------------------------------------------------------------------------
---------------------------------------------------------------------------------
Start ROM, RAM, DSP and Shift Register Reporting
---------------------------------------------------------------------------------

Block RAM: Final Mapping	Report
+------------------+--------------------+------------------------+---+---+------------------------+---+---+------------------+--------+--------+
|Module Name       | RTL Object         | PORT A (Depth x Width) | W | R | PORT B (Depth x Width) | W | R | Ports driving FF | RAMB18 | RAMB36 | 
+------------------+--------------------+------------------------+---+---+------------------------+---+---+------------------+--------+--------+
|cv32e40x_fpga_top | data_mem_byte0_reg | 16 K x 8(READ_FIRST)   | W |   | 16 K x 8(WRITE_FIRST)  |   | R | Port A and B     | 0      | 4      | 
|cv32e40x_fpga_top | data_mem_byte1_reg | 16 K x 8(READ_FIRST)   | W |   | 16 K x 8(WRITE_FIRST)  |   | R | Port A and B     | 0      | 4      | 
|cv32e40x_fpga_top | data_mem_byte2_reg | 16 K x 8(READ_FIRST)   | W |   | 16 K x 8(WRITE_FIRST)  |   | R | Port A and B     | 0      | 4      | 
|cv32e40x_fpga_top | data_mem_byte3_reg | 16 K x 8(READ_FIRST)   | W |   | 16 K x 8(WRITE_FIRST)  |   | R | Port A and B     | 0      | 4      | 
+------------------+--------------------+------------------------+---+---+------------------------+---+---+------------------+--------+--------+

---------------------------------------------------------------------------------
Finished ROM, RAM, DSP and Shift Register Reporting
---------------------------------------------------------------------------------

Report RTL Partitions: 
+-+--------------+------------+----------+
| |RTL Partition |Replication |Instances |
+-+--------------+------------+----------+
+-+--------------+------------+----------+
---------------------------------------------------------------------------------
Start Technology Mapping
---------------------------------------------------------------------------------
INFO: [Synth 8-7053] The timing for the instance instr_mem_rdata_reg_0 (implemented as a Block RAM) might be sub-optimal as no optional output register could be merged into the ram block. Providing additional output register may help in improving timing.
INFO: [Synth 8-7053] The timing for the instance instr_mem_rdata_reg_1 (implemented as a Block RAM) might be sub-optimal as no optional output register could be merged into the ram block. Providing additional output register may help in improving timing.
INFO: [Synth 8-7053] The timing for the instance instr_mem_rdata_reg_2 (implemented as a Block RAM) might be sub-optimal as no optional output register could be merged into the ram block. Providing additional output register may help in improving timing.
INFO: [Synth 8-7053] The timing for the instance instr_mem_rdata_reg_3 (implemented as a Block RAM) might be sub-optimal as no optional output register could be merged into the ram block. Providing additional output register may help in improving timing.
INFO: [Synth 8-7053] The timing for the instance data_mem_byte0_reg_0 (implemented as a Block RAM) might be sub-optimal as no optional output register could be merged into the ram block. Providing additional output register may help in improving timing.
INFO: [Synth 8-7053] The timing for the instance data_mem_byte0_reg_1 (implemented as a Block RAM) might be sub-optimal as no optional output register could be merged into the ram block. Providing additional output register may help in improving timing.
INFO: [Synth 8-7053] The timing for the instance data_mem_byte0_reg_2 (implemented as a Block RAM) might be sub-optimal as no optional output register could be merged into the ram block. Providing additional output register may help in improving timing.
INFO: [Synth 8-7053] The timing for the instance data_mem_byte0_reg_3 (implemented as a Block RAM) might be sub-optimal as no optional output register could be merged into the ram block. Providing additional output register may help in improving timing.
INFO: [Synth 8-7053] The timing for the instance data_mem_byte1_reg_0 (implemented as a Block RAM) might be sub-optimal as no optional output register could be merged into the ram block. Providing additional output register may help in improving timing.
INFO: [Synth 8-7053] The timing for the instance data_mem_byte1_reg_1 (implemented as a Block RAM) might be sub-optimal as no optional output register could be merged into the ram block. Providing additional output register may help in improving timing.
INFO: [Synth 8-7053] The timing for the instance data_mem_byte1_reg_2 (implemented as a Block RAM) might be sub-optimal as no optional output register could be merged into the ram block. Providing additional output register may help in improving timing.
INFO: [Synth 8-7053] The timing for the instance data_mem_byte1_reg_3 (implemented as a Block RAM) might be sub-optimal as no optional output register could be merged into the ram block. Providing additional output register may help in improving timing.
INFO: [Synth 8-7053] The timing for the instance data_mem_byte2_reg_0 (implemented as a Block RAM) might be sub-optimal as no optional output register could be merged into the ram block. Providing additional output register may help in improving timing.
INFO: [Synth 8-7053] The timing for the instance data_mem_byte2_reg_1 (implemented as a Block RAM) might be sub-optimal as no optional output register could be merged into the ram block. Providing additional output register may help in improving timing.
INFO: [Synth 8-7053] The timing for the instance data_mem_byte2_reg_2 (implemented as a Block RAM) might be sub-optimal as no optional output register could be merged into the ram block. Providing additional output register may help in improving timing.
INFO: [Synth 8-7053] The timing for the instance data_mem_byte2_reg_3 (implemented as a Block RAM) might be sub-optimal as no optional output register could be merged into the ram block. Providing additional output register may help in improving timing.
INFO: [Synth 8-7053] The timing for the instance data_mem_byte3_reg_0 (implemented as a Block RAM) might be sub-optimal as no optional output register could be merged into the ram block. Providing additional output register may help in improving timing.
INFO: [Synth 8-7053] The timing for the instance data_mem_byte3_reg_1 (implemented as a Block RAM) might be sub-optimal as no optional output register could be merged into the ram block. Providing additional output register may help in improving timing.
INFO: [Synth 8-7053] The timing for the instance data_mem_byte3_reg_2 (implemented as a Block RAM) might be sub-optimal as no optional output register could be merged into the ram block. Providing additional output register may help in improving timing.
INFO: [Synth 8-7053] The timing for the instance data_mem_byte3_reg_3 (implemented as a Block RAM) might be sub-optimal as no optional output register could be merged into the ram block. Providing additional output register may help in improving timing.
---------------------------------------------------------------------------------
Finished Technology Mapping : Time (s): cpu = 00:02:18 ; elapsed = 00:02:19 . Memory (MB): peak = 1560.102 ; gain = 831.570
---------------------------------------------------------------------------------

Report RTL Partitions: 
+-+--------------+------------+----------+
| |RTL Partition |Replication |Instances |
+-+--------------+------------+----------+
+-+--------------+------------+----------+
---------------------------------------------------------------------------------
Start IO Insertion
---------------------------------------------------------------------------------
---------------------------------------------------------------------------------
Start Flattening Before IO Insertion
---------------------------------------------------------------------------------
---------------------------------------------------------------------------------
Finished Flattening Before IO Insertion
---------------------------------------------------------------------------------
---------------------------------------------------------------------------------
Start Final Netlist Cleanup
---------------------------------------------------------------------------------
INFO: [Synth 8-6064] Net p_0_out is driving 64 big block pins (URAM, BRAM and DSP loads). Created 8 replicas of its driver. 
INFO: [Synth 8-6064] Net data_addr[15] is driving 32 big block pins (URAM, BRAM and DSP loads). Created 4 replicas of its driver. 
INFO: [Synth 8-6064] Net data_addr[14] is driving 32 big block pins (URAM, BRAM and DSP loads). Created 4 replicas of its driver. 
INFO: [Synth 8-6064] Net data_addr[4] is driving 32 big block pins (URAM, BRAM and DSP loads). Created 4 replicas of its driver. 
INFO: [Synth 8-6064] Net data_addr[2] is driving 32 big block pins (URAM, BRAM and DSP loads). Created 4 replicas of its driver. 
INFO: [Synth 8-6064] Net data_addr[3] is driving 32 big block pins (URAM, BRAM and DSP loads). Created 4 replicas of its driver. 
INFO: [Synth 8-6064] Net data_addr[5] is driving 32 big block pins (URAM, BRAM and DSP loads). Created 4 replicas of its driver. 
INFO: [Synth 8-6064] Net data_addr[6] is driving 32 big block pins (URAM, BRAM and DSP loads). Created 4 replicas of its driver. 
INFO: [Synth 8-6064] Net data_addr[7] is driving 32 big block pins (URAM, BRAM and DSP loads). Created 4 replicas of its driver. 
INFO: [Synth 8-6064] Net data_addr[10] is driving 32 big block pins (URAM, BRAM and DSP loads). Created 4 replicas of its driver. 
INFO: [Synth 8-6064] Net data_addr[8] is driving 32 big block pins (URAM, BRAM and DSP loads). Created 4 replicas of its driver. 
INFO: [Synth 8-6064] Net data_addr[9] is driving 32 big block pins (URAM, BRAM and DSP loads). Created 4 replicas of its driver. 
INFO: [Synth 8-6064] Net data_addr[11] is driving 32 big block pins (URAM, BRAM and DSP loads). Created 4 replicas of its driver. 
INFO: [Synth 8-6064] Net data_addr[12] is driving 32 big block pins (URAM, BRAM and DSP loads). Created 4 replicas of its driver. 
INFO: [Synth 8-6064] Net data_addr[13] is driving 32 big block pins (URAM, BRAM and DSP loads). Created 4 replicas of its driver. 
---------------------------------------------------------------------------------
Finished Final Netlist Cleanup
---------------------------------------------------------------------------------
---------------------------------------------------------------------------------
Finished IO Insertion : Time (s): cpu = 00:02:21 ; elapsed = 00:02:22 . Memory (MB): peak = 1564.859 ; gain = 836.328
---------------------------------------------------------------------------------
---------------------------------------------------------------------------------
Start Renaming Generated Instances
---------------------------------------------------------------------------------
---------------------------------------------------------------------------------
Finished Renaming Generated Instances : Time (s): cpu = 00:02:21 ; elapsed = 00:02:22 . Memory (MB): peak = 1564.859 ; gain = 836.328
---------------------------------------------------------------------------------

Report RTL Partitions: 
+-+--------------+------------+----------+
| |RTL Partition |Replication |Instances |
+-+--------------+------------+----------+
+-+--------------+------------+----------+

Report Check Netlist: 
+------+------------------+-------+---------+-------+------------------+
|      |Item              |Errors |Warnings |Status |Description       |
+------+------------------+-------+---------+-------+------------------+
|1     |multi_driven_nets |      0|        0|Passed |Multi driven nets |
+------+------------------+-------+---------+-------+------------------+
---------------------------------------------------------------------------------
Start Rebuilding User Hierarchy
---------------------------------------------------------------------------------
---------------------------------------------------------------------------------
Finished Rebuilding User Hierarchy : Time (s): cpu = 00:02:21 ; elapsed = 00:02:22 . Memory (MB): peak = 1564.859 ; gain = 836.328
---------------------------------------------------------------------------------
---------------------------------------------------------------------------------
Start Renaming Generated Ports
---------------------------------------------------------------------------------
---------------------------------------------------------------------------------
Finished Renaming Generated Ports : Time (s): cpu = 00:02:21 ; elapsed = 00:02:22 . Memory (MB): peak = 1564.859 ; gain = 836.328
---------------------------------------------------------------------------------
---------------------------------------------------------------------------------
Start Handling Custom Attributes
---------------------------------------------------------------------------------
---------------------------------------------------------------------------------
Finished Handling Custom Attributes : Time (s): cpu = 00:02:22 ; elapsed = 00:02:23 . Memory (MB): peak = 1564.871 ; gain = 836.340
---------------------------------------------------------------------------------
---------------------------------------------------------------------------------
Start Renaming Generated Nets
---------------------------------------------------------------------------------
---------------------------------------------------------------------------------
Finished Renaming Generated Nets : Time (s): cpu = 00:02:22 ; elapsed = 00:02:23 . Memory (MB): peak = 1564.871 ; gain = 836.340
---------------------------------------------------------------------------------
---------------------------------------------------------------------------------
Start Writing Synthesis Report
---------------------------------------------------------------------------------

Report BlackBoxes: 
+-+--------------+----------+
| |BlackBox name |Instances |
+-+--------------+----------+
+-+--------------+----------+

Report Cell Usage: 
+------+-----------+------+
|      |Cell       |Count |
+------+-----------+------+
|1     |BUFG       |     1|
|2     |CARRY4     |   179|
|3     |DSP48E1    |     3|
|4     |LUT1       |    19|
|5     |LUT2       |   463|
|6     |LUT3       |   741|
|7     |LUT4       |   430|
|8     |LUT5       |   813|
|9     |LUT6       |  2288|
|10    |MUXF7      |   280|
|11    |MUXF8      |    31|
|12    |RAMB36E1   |     1|
|13    |RAMB36E1_1 |     1|
|14    |RAMB36E1_2 |     1|
|15    |RAMB36E1_3 |     1|
|16    |RAMB36E1_4 |    16|
|17    |FDCE       |  2425|
|18    |FDPE       |    17|
|19    |IBUF       |     8|
|20    |OBUF       |     9|
+------+-----------+------+

Report Instance Areas: 
+------+--------------------------------------------------+-------------------------------+------+
|      |Instance                                          |Module                         |Cells |
+------+--------------------------------------------------+-------------------------------+------+
|1     |top                                               |                               |  7727|
|2     |  u_core                                          |cv32e40x_core                  |  7606|
|3     |    controller_i                                  |cv32e40x_controller            |   308|
|4     |      bypass_i                                    |cv32e40x_controller_bypass     |     2|
|5     |      controller_fsm_i                            |cv32e40x_controller_fsm        |   306|
|6     |    cs_registers_i                                |cv32e40x_cs_registers          |   781|
|7     |      \basic_mode_csrs.mcause_csr_i               |cv32e40x_csr__parameterized2   |    14|
|8     |      \basic_mode_csrs.mie_csr_i                  |cv32e40x_csr__parameterized4   |    27|
|9     |      \basic_mode_csrs.mtvec_csr_i                |cv32e40x_csr__parameterized3   |    28|
|10    |      debug_triggers_i                            |cv32e40x_debug_triggers        |   134|
|11    |        \gen_triggers.tmatch_csr[0].tdata1_csr_i  |cv32e40x_csr__parameterized7   |    50|
|12    |        \gen_triggers.tmatch_csr[0].tdata2_csr_i  |cv32e40x_csr_3                 |    84|
|13    |      \gen_debug_csr.dcsr_csr_i                   |cv32e40x_csr__parameterized0   |    16|
|14    |      \gen_debug_csr.dpc_csr_i                    |cv32e40x_csr__parameterized1   |    55|
|15    |      \gen_debug_csr.dscratch0_csr_i              |cv32e40x_csr                   |    35|
|16    |      \gen_debug_csr.dscratch1_csr_i              |cv32e40x_csr_0                 |    32|
|17    |      mepc_csr_i                                  |cv32e40x_csr__parameterized1_1 |    39|
|18    |      mscratch_csr_i                              |cv32e40x_csr_2                 |    41|
|19    |      mstatus_csr_i                               |cv32e40x_csr__parameterized6   |     3|
|20    |    ex_stage_i                                    |cv32e40x_ex_stage              |  1193|
|21    |      alu_i                                       |cv32e40x_alu                   |    16|
|22    |      \div.div_i                                  |cv32e40x_div                   |   351|
|23    |      \mul.mult_i                                 |cv32e40x_mult                  |   156|
|24    |    \gen_basic_interrupt.int_controller_i         |cv32e40x_int_controller        |     3|
|25    |    id_stage_i                                    |cv32e40x_id_stage              |  1515|
|26    |      cv32e40x_pc_target_i                        |cv32e40x_pc_target             |    51|
|27    |    if_stage_i                                    |cv32e40x_if_stage              |  1485|
|28    |      \gen_seq.sequencer_i                        |cv32e40x_sequencer             |   132|
|29    |      mpu_i                                       |cv32e40x_mpu                   |     9|
|30    |      prefetch_unit_i                             |cv32e40x_prefetch_unit         |   835|
|31    |        alignment_buffer_i                        |cv32e40x_alignment_buffer      |   795|
|32    |        prefetcher_i                              |cv32e40x_prefetcher            |    40|
|33    |    load_store_unit_i                             |cv32e40x_load_store_unit       |   396|
|34    |      align_check_i                               |cv32e40x_align_check           |    14|
|35    |      \gen_wpt.wpt_i                              |cv32e40x_wpt                   |   125|
|36    |      mpu_i                                       |cv32e40x_mpu__parameterized0   |    32|
|37    |      response_filter_i                           |cv32e40x_lsu_response_filter   |     4|
|38    |    register_file_wrapper_i                       |cv32e40x_register_file_wrapper |  1911|
|39    |      register_file_i                             |cv32e40x_register_file         |  1911|
|40    |    sleep_unit_i                                  |cv32e40x_sleep_unit            |     4|
|41    |    wb_stage_i                                    |cv32e40x_wb_stage              |    10|
+------+--------------------------------------------------+-------------------------------+------+
---------------------------------------------------------------------------------
Finished Writing Synthesis Report : Time (s): cpu = 00:02:22 ; elapsed = 00:02:23 . Memory (MB): peak = 1564.871 ; gain = 836.340
---------------------------------------------------------------------------------
Synthesis finished with 0 errors, 0 critical warnings and 5393 warnings.
Synthesis Optimization Runtime : Time (s): cpu = 00:02:11 ; elapsed = 00:02:19 . Memory (MB): peak = 1564.871 ; gain = 718.555
Synthesis Optimization Complete : Time (s): cpu = 00:02:22 ; elapsed = 00:02:23 . Memory (MB): peak = 1564.871 ; gain = 836.340
INFO: [Project 1-571] Translating synthesized netlist
Netlist sorting complete. Time (s): cpu = 00:00:00 ; elapsed = 00:00:00.114 . Memory (MB): peak = 1564.871 ; gain = 0.000
INFO: [Netlist 29-17] Analyzing 513 Unisim elements for replacement
INFO: [Netlist 29-28] Unisim Transformation completed in 0 CPU seconds
INFO: [Project 1-570] Preparing netlist for logic optimization
INFO: [Opt 31-138] Pushed 0 inverter(s) to 0 load pin(s).
Netlist sorting complete. Time (s): cpu = 00:00:00 ; elapsed = 00:00:00.001 . Memory (MB): peak = 1564.871 ; gain = 0.000
INFO: [Project 1-111] Unisim Transformation Summary:
No Unisim elements were transformed.

INFO: [Common 17-83] Releasing license: Synthesis
491 Infos, 210 Warnings, 0 Critical Warnings and 0 Errors encountered.
synth_design completed successfully
synth_design: Time (s): cpu = 00:02:26 ; elapsed = 00:02:28 . Memory (MB): peak = 1564.871 ; gain = 1125.090
INFO: [Common 17-600] The following parameters have non-default value.
general.maxThreads
Netlist sorting complete. Time (s): cpu = 00:00:00 ; elapsed = 00:00:00.002 . Memory (MB): peak = 1564.871 ; gain = 0.000
WARNING: [Constraints 18-5210] No constraints selected for write.
Resolution: This message can indicate that there are no constraints for the design, or it can indicate that the used_in flags are set such that the constraints are ignored. This later case is used when running synth_design to not write synthesis constraints to the resulting checkpoint. Instead, project constraints are read when the synthesized design is opened.
INFO: [Common 17-1381] The checkpoint 'D:/KachiCodeRsp/customriscv/cv32e40x/vivado_project/cv32e40x_project.runs/synth_1/cv32e40x_fpga_top.dcp' has been generated.
INFO: [runtcl-4] Executing : report_utilization -file cv32e40x_fpga_top_utilization_synth.rpt -pb cv32e40x_fpga_top_utilization_synth.pb
INFO: [Common 17-206] Exiting Vivado at Mon Oct 20 04:56:01 2025...
