Copyright 1986-2019 Xilinx, Inc. All Rights Reserved.
--------------------------------------------------------------------------------------------------------------------------------------------------------------------------------------------------------------------------
| Tool Version : Vivado v.2019.2 (win64) Build 2708876 Wed Nov  6 21:40:23 MST 2019
| Date         : Mon Oct 20 04:57:47 2025
| Host         : KastriaL running 64-bit major release  (build 9200)
| Command      : report_timing_summary -max_paths 10 -file cv32e40x_fpga_top_timing_summary_routed.rpt -pb cv32e40x_fpga_top_timing_summary_routed.pb -rpx cv32e40x_fpga_top_timing_summary_routed.rpx -warn_on_violation
| Design       : cv32e40x_fpga_top
| Device       : 7a35ti-csg324
| Speed File   : -1L  PRODUCTION 1.23 2018-06-13
--------------------------------------------------------------------------------------------------------------------------------------------------------------------------------------------------------------------------

Timing Summary Report

------------------------------------------------------------------------------------------------
| Timer Settings
| --------------
------------------------------------------------------------------------------------------------

  Enable Multi Corner Analysis               :  Yes
  Enable Pessimism Removal                   :  Yes
  Pessimism Removal Resolution               :  Nearest Common Node
  Enable Input Delay Default Clock           :  No
  Enable Preset / Clear Arcs                 :  No
  Disable Flight Delays                      :  No
  Ignore I/O Paths                           :  No
  Timing Early Launch at Borrowing Latches   :  No
  Borrow Time for Max Delay Exceptions       :  Yes
  Merge Timing Exceptions                    :  Yes

  Corner  Analyze    Analyze    
  Name    Max Paths  Min Paths  
  ------  ---------  ---------  
  Slow    Yes        Yes        
  Fast    Yes        Yes        



check_timing report

Table of Contents
-----------------
1. checking no_clock
2. checking constant_clock
3. checking pulse_width_clock
4. checking unconstrained_internal_endpoints
5. checking no_input_delay
6. checking no_output_delay
7. checking multiple_clock
8. checking generated_clocks
9. checking loops
10. checking partial_input_delay
11. checking partial_output_delay
12. checking latch_loops

1. checking no_clock
--------------------
 There are 0 register/latch pins with no clock.


2. checking constant_clock
--------------------------
 There are 0 register/latch pins with constant_clock.


3. checking pulse_width_clock
-----------------------------
 There are 0 register/latch pins which need pulse_width check


4. checking unconstrained_internal_endpoints
--------------------------------------------
 There are 0 pins that are not constrained for maximum delay.

 There are 0 pins that are not constrained for maximum delay due to constant clock.


5. checking no_input_delay
--------------------------
 There are 0 input ports with no input delay specified.

 There are 0 input ports with no input delay but user has a false path constraint.


6. checking no_output_delay
---------------------------
 There are 0 ports with no output delay specified.

 There are 0 ports with no output delay but user has a false path constraint

 There are 0 ports with no output delay but with a timing clock defined on it or propagating through it


7. checking multiple_clock
--------------------------
 There are 0 register/latch pins with multiple clocks.


8. checking generated_clocks
----------------------------
 There are 0 generated clocks that are not connected to a clock source.


9. checking loops
-----------------
 There are 0 combinational loops in the design.


10. checking partial_input_delay
--------------------------------
 There are 0 input ports with partial input delay specified.


11. checking partial_output_delay
---------------------------------
 There are 0 ports with partial output delay specified.


12. checking latch_loops
------------------------
 There are 0 combinational latch loops in the design through latch input



------------------------------------------------------------------------------------------------
| Design Timing Summary
| ---------------------
------------------------------------------------------------------------------------------------

    WNS(ns)      TNS(ns)  TNS Failing Endpoints  TNS Total Endpoints      WHS(ns)      THS(ns)  THS Failing Endpoints  THS Total Endpoints     WPWS(ns)     TPWS(ns)  TPWS Failing Endpoints  TPWS Total Endpoints  
    -------      -------  ---------------------  -------------------      -------      -------  ---------------------  -------------------     --------     --------  ----------------------  --------------------  
     -3.053      -73.116                     95                 7771        0.114        0.000                      0                 7771        9.500        0.000                       0                  2479  


Timing constraints are not met.


------------------------------------------------------------------------------------------------
| Clock Summary
| -------------
------------------------------------------------------------------------------------------------

Clock    Waveform(ns)       Period(ns)      Frequency(MHz)
-----    ------------       ----------      --------------
sys_clk  {0.000 10.000}     20.000          50.000          


------------------------------------------------------------------------------------------------
| Intra Clock Table
| -----------------
------------------------------------------------------------------------------------------------

Clock             WNS(ns)      TNS(ns)  TNS Failing Endpoints  TNS Total Endpoints      WHS(ns)      THS(ns)  THS Failing Endpoints  THS Total Endpoints     WPWS(ns)     TPWS(ns)  TPWS Failing Endpoints  TPWS Total Endpoints  
-----             -------      -------  ---------------------  -------------------      -------      -------  ---------------------  -------------------     --------     --------  ----------------------  --------------------  
sys_clk            -3.053      -73.116                     95                 5329        0.114        0.000                      0                 5329        9.500        0.000                       0                  2479  


------------------------------------------------------------------------------------------------
| Inter Clock Table
| -----------------
------------------------------------------------------------------------------------------------

From Clock    To Clock          WNS(ns)      TNS(ns)  TNS Failing Endpoints  TNS Total Endpoints      WHS(ns)      THS(ns)  THS Failing Endpoints  THS Total Endpoints  
----------    --------          -------      -------  ---------------------  -------------------      -------      -------  ---------------------  -------------------  


------------------------------------------------------------------------------------------------
| Other Path Groups Table
| -----------------------
------------------------------------------------------------------------------------------------

Path Group         From Clock         To Clock               WNS(ns)      TNS(ns)  TNS Failing Endpoints  TNS Total Endpoints      WHS(ns)      THS(ns)  THS Failing Endpoints  THS Total Endpoints  
----------         ----------         --------               -------      -------  ---------------------  -------------------      -------      -------  ---------------------  -------------------  
**async_default**  sys_clk            sys_clk                  9.610        0.000                      0                 2442        0.350        0.000                      0                 2442  


------------------------------------------------------------------------------------------------
| Timing Details
| --------------
------------------------------------------------------------------------------------------------


---------------------------------------------------------------------------------------------------
From Clock:  sys_clk
  To Clock:  sys_clk

Setup :           95  Failing Endpoints,  Worst Slack       -3.053ns,  Total Violation      -73.116ns
Hold  :            0  Failing Endpoints,  Worst Slack        0.114ns,  Total Violation        0.000ns
PW    :            0  Failing Endpoints,  Worst Slack        9.500ns,  Total Violation        0.000ns
---------------------------------------------------------------------------------------------------


Max Delay Paths
--------------------------------------------------------------------------------------
Slack (VIOLATED) :        -3.053ns  (required time - arrival time)
  Source:                 debug_req_i
                            (input port clocked by sys_clk  {rise@0.000ns fall@10.000ns period=20.000ns})
  Destination:            status_leds_o[3]
                            (output port clocked by sys_clk  {rise@0.000ns fall@10.000ns period=20.000ns})
  Path Group:             sys_clk
  Path Type:              Max at Slow Process Corner
  Requirement:            20.000ns  (sys_clk rise@20.000ns - sys_clk rise@0.000ns)
  Data Path Delay:        13.017ns  (logic 4.835ns (37.144%)  route 8.182ns (62.856%))
  Logic Levels:           12  (IBUF=1 LUT3=1 LUT4=2 LUT6=7 OBUF=1)
  Input Delay:            5.000ns
  Output Delay:           5.000ns
  Clock Uncertainty:      0.035ns  ((TSJ^2 + TIJ^2)^1/2 + DJ) / 2 + PE
    Total System Jitter     (TSJ):    0.071ns
    Total Input Jitter      (TIJ):    0.000ns
    Discrete Jitter          (DJ):    0.000ns
    Phase Error              (PE):    0.000ns

    Location             Delay type                Incr(ns)  Path(ns)    Netlist Resource(s)
  -------------------------------------------------------------------    -------------------
                         (clock sys_clk rise edge)    0.000     0.000 r  
                         input delay                  5.000     5.000    
    U16                                               0.000     5.000 f  debug_req_i (IN)
                         net (fo=0)                   0.000     5.000    debug_req_i
    U16                  IBUF (Prop_ibuf_I_O)         0.968     5.968 f  debug_req_i_IBUF_inst/O
                         net (fo=8, routed)           2.132     8.099    u_core/controller_i/controller_fsm_i/debug_req_i_IBUF
    SLICE_X1Y13          LUT3 (Prop_lut3_I2_O)        0.124     8.223 f  u_core/controller_i/controller_fsm_i/core_sleep_o_OBUF_inst_i_3/O
                         net (fo=3, routed)           0.580     8.803    u_core/controller_i/controller_fsm_i/pending_async_debug__1
    SLICE_X3Y13          LUT6 (Prop_lut6_I0_O)        0.124     8.927 f  u_core/controller_i/controller_fsm_i/genblk5[6].hpm_event_flop.hpm_events[6]_i_3/O
                         net (fo=16, routed)          0.354     9.281    u_core/ex_stage_i/ctrl_fsm_o1125_out__4
    SLICE_X3Y13          LUT6 (Prop_lut6_I0_O)        0.124     9.405 f  u_core/ex_stage_i/fence_req_q_i_4/O
                         net (fo=5, routed)           0.624    10.029    u_core/ex_stage_i/fence_req_q_i_4_n_0
    SLICE_X3Y14          LUT6 (Prop_lut6_I4_O)        0.124    10.153 r  u_core/ex_stage_i/instr_cnt_q[3]_i_6/O
                         net (fo=9, routed)           0.585    10.738    u_core/ex_stage_i/ex_wb_pipe_o_reg[sys_fence_insn]_0
    SLICE_X1Y14          LUT6 (Prop_lut6_I2_O)        0.124    10.862 r  u_core/ex_stage_i/instr_cnt_q[3]_i_5/O
                         net (fo=6, routed)           0.589    11.451    u_core/ex_stage_i/csr_flush_ack_q_reg_0
    SLICE_X1Y12          LUT6 (Prop_lut6_I0_O)        0.124    11.575 r  u_core/ex_stage_i/instr_cnt_q[3]_i_3/O
                         net (fo=17, routed)          0.417    11.993    u_core/controller_i/controller_fsm_i/ctrl_fsm[kill_if]
    SLICE_X1Y10          LUT4 (Prop_lut4_I3_O)        0.124    12.117 r  u_core/controller_i/controller_fsm_i/trans_ptr_access_q_i_3/O
                         net (fo=65, routed)          0.277    12.394    u_core/if_stage_i/prefetch_unit_i/alignment_buffer_i/ctrl_fsm[pc_set]
    SLICE_X1Y10          LUT6 (Prop_lut6_I0_O)        0.124    12.518 f  u_core/if_stage_i/prefetch_unit_i/alignment_buffer_i/core_busy_d_i_5/O
                         net (fo=1, routed)           0.292    12.810    u_core/controller_i/controller_fsm_i/core_busy_q_reg_0
    SLICE_X1Y9           LUT6 (Prop_lut6_I5_O)        0.124    12.934 r  u_core/controller_i/controller_fsm_i/core_busy_d_i_1/O
                         net (fo=2, routed)           0.462    13.396    u_core/if_stage_i/mpu_i/instr_mem_valid_reg
    SLICE_X0Y8           LUT4 (Prop_lut4_I0_O)        0.124    13.520 r  u_core/if_stage_i/mpu_i/status_leds_o_OBUF[3]_inst_i_1/O
                         net (fo=13, routed)          1.870    15.390    status_leds_o_OBUF[3]
    U13                  OBUF (Prop_obuf_I_O)         2.628    18.017 r  status_leds_o_OBUF[3]_inst/O
                         net (fo=0)                   0.000    18.017    status_leds_o[3]
    U13                                                               r  status_leds_o[3] (OUT)
  -------------------------------------------------------------------    -------------------

                         (clock sys_clk rise edge)   20.000    20.000 r  
                         clock pessimism              0.000    20.000    
                         clock uncertainty           -0.035    19.965    
                         output delay                -5.000    14.965    
  -------------------------------------------------------------------
                         required time                         14.965    
                         arrival time                         -18.017    
  -------------------------------------------------------------------
                         slack                                 -3.053    

Slack (VIOLATED) :        -2.603ns  (required time - arrival time)
  Source:                 u_core/id_stage_i/id_ex_pipe_o_reg[alu_operand_a][0]/C
                            (rising edge-triggered cell FDCE clocked by sys_clk  {rise@0.000ns fall@10.000ns period=20.000ns})
  Destination:            status_leds_o[4]
                            (output port clocked by sys_clk  {rise@0.000ns fall@10.000ns period=20.000ns})
  Path Group:             sys_clk
  Path Type:              Max at Slow Process Corner
  Requirement:            20.000ns  (sys_clk rise@20.000ns - sys_clk rise@0.000ns)
  Data Path Delay:        12.970ns  (logic 6.795ns (52.390%)  route 6.175ns (47.610%))
  Logic Levels:           15  (CARRY4=8 LUT2=1 LUT3=2 LUT6=3 OBUF=1)
  Output Delay:           5.000ns
  Clock Path Skew:        -4.598ns (DCD - SCD + CPR)
    Destination Clock Delay (DCD):    0.000ns = ( 20.000 - 20.000 ) 
    Source Clock Delay      (SCD):    4.598ns
    Clock Pessimism Removal (CPR):    0.000ns
  Clock Uncertainty:      0.035ns  ((TSJ^2 + TIJ^2)^1/2 + DJ) / 2 + PE
    Total System Jitter     (TSJ):    0.071ns
    Total Input Jitter      (TIJ):    0.000ns
    Discrete Jitter          (DJ):    0.000ns
    Phase Error              (PE):    0.000ns

    Location             Delay type                Incr(ns)  Path(ns)    Netlist Resource(s)
  -------------------------------------------------------------------    -------------------
                         (clock sys_clk rise edge)    0.000     0.000 r  
    N15                                               0.000     0.000 r  clk_i (IN)
                         net (fo=0)                   0.000     0.000    clk_i
    N15                  IBUF (Prop_ibuf_I_O)         0.962     0.962 r  clk_i_IBUF_inst/O
                         net (fo=1, routed)           1.972     2.933    clk_i_IBUF
    BUFGCTRL_X0Y0        BUFG (Prop_bufg_I_O)         0.096     3.029 r  clk_i_IBUF_BUFG_inst/O
                         net (fo=2478, routed)        1.568     4.598    u_core/id_stage_i/clk_i_IBUF_BUFG
    SLICE_X15Y7          FDCE                                         r  u_core/id_stage_i/id_ex_pipe_o_reg[alu_operand_a][0]/C
  -------------------------------------------------------------------    -------------------
    SLICE_X15Y7          FDCE (Prop_fdce_C_Q)         0.456     5.054 r  u_core/id_stage_i/id_ex_pipe_o_reg[alu_operand_a][0]/Q
                         net (fo=18, routed)          0.431     5.484    u_core/id_stage_i/id_ex_pipe_o_reg[alu_operand_a][31]_0[0]
    SLICE_X13Y8          LUT2 (Prop_lut2_I0_O)        0.124     5.608 r  u_core/id_stage_i/rdata_offset_q[1]_i_5/O
                         net (fo=1, routed)           0.000     5.608    u_core/id_stage_i/rdata_offset_q[1]_i_5_n_0
    SLICE_X13Y8          CARRY4 (Prop_carry4_S[0]_CO[3])
                                                      0.532     6.140 r  u_core/id_stage_i/rdata_offset_q_reg[1]_i_1/CO[3]
                         net (fo=1, routed)           0.000     6.140    u_core/id_stage_i/rdata_offset_q_reg[1]_i_1_n_0
    SLICE_X13Y9          CARRY4 (Prop_carry4_CI_CO[3])
                                                      0.114     6.254 r  u_core/id_stage_i/data_mem_byte0_reg_0_i_24/CO[3]
                         net (fo=1, routed)           0.000     6.254    u_core/id_stage_i/data_mem_byte0_reg_0_i_24_n_0
    SLICE_X13Y10         CARRY4 (Prop_carry4_CI_O[1])
                                                      0.334     6.588 r  u_core/id_stage_i/data_mem_byte0_reg_0_i_22/O[1]
                         net (fo=8, routed)           0.542     7.130    u_core/id_stage_i/lsu_split_0_o2__0[5]
    SLICE_X11Y10         CARRY4 (Prop_carry4_S[0]_CO[3])
                                                      0.835     7.965 r  u_core/id_stage_i/data_mem_byte0_reg_0_i_21/CO[3]
                         net (fo=1, routed)           0.000     7.965    u_core/id_stage_i/data_mem_byte0_reg_0_i_21_n_0
    SLICE_X11Y11         CARRY4 (Prop_carry4_CI_CO[3])
                                                      0.114     8.079 r  u_core/id_stage_i/data_mem_byte0_reg_0_i_19/CO[3]
                         net (fo=1, routed)           0.000     8.079    u_core/id_stage_i/data_mem_byte0_reg_0_i_19_n_0
    SLICE_X11Y12         CARRY4 (Prop_carry4_CI_O[0])
                                                      0.222     8.301 f  u_core/id_stage_i/status_leds_o_OBUF[4]_inst_i_76/O[0]
                         net (fo=4, routed)           0.501     8.802    u_core/load_store_unit_i/gen_wpt.wpt_i/core_trans_i[addr]2[15]
    SLICE_X9Y14          LUT3 (Prop_lut3_I0_O)        0.299     9.101 f  u_core/load_store_unit_i/gen_wpt.wpt_i/status_leds_o_OBUF[4]_inst_i_103/O
                         net (fo=2, routed)           0.339     9.440    u_core/cs_registers_i/debug_triggers_i/gen_triggers.tmatch_csr[0].tdata2_csr_i/lsu_addr_ex[0]
    SLICE_X10Y15         LUT6 (Prop_lut6_I4_O)        0.124     9.564 r  u_core/cs_registers_i/debug_triggers_i/gen_triggers.tmatch_csr[0].tdata2_csr_i/status_leds_o_OBUF[4]_inst_i_52/O
                         net (fo=1, routed)           0.716    10.280    u_core/cs_registers_i/debug_triggers_i/gen_triggers.tmatch_csr[0].tdata2_csr_i/status_leds_o_OBUF[4]_inst_i_52_n_0
    SLICE_X9Y11          CARRY4 (Prop_carry4_DI[0]_CO[3])
                                                      0.526    10.806 r  u_core/cs_registers_i/debug_triggers_i/gen_triggers.tmatch_csr[0].tdata2_csr_i/status_leds_o_OBUF[4]_inst_i_18/CO[3]
                         net (fo=1, routed)           0.000    10.806    u_core/cs_registers_i/debug_triggers_i/gen_triggers.tmatch_csr[0].tdata2_csr_i/status_leds_o_OBUF[4]_inst_i_18_n_0
    SLICE_X9Y12          CARRY4 (Prop_carry4_CI_CO[3])
                                                      0.114    10.920 f  u_core/cs_registers_i/debug_triggers_i/gen_triggers.tmatch_csr[0].tdata2_csr_i/status_leds_o_OBUF[4]_inst_i_12/CO[3]
                         net (fo=2, routed)           0.851    11.772    u_core/cs_registers_i/debug_triggers_i/gen_triggers.tmatch_csr[0].tdata1_csr_i/CO[0]
    SLICE_X5Y11          LUT3 (Prop_lut3_I2_O)        0.124    11.896 f  u_core/cs_registers_i/debug_triggers_i/gen_triggers.tmatch_csr[0].tdata1_csr_i/status_leds_o_OBUF[4]_inst_i_11_comp/O
                         net (fo=1, routed)           0.455    12.350    u_core/cs_registers_i/debug_triggers_i/gen_triggers.tmatch_csr[0].tdata1_csr_i/status_leds_o_OBUF[4]_inst_i_11_n_0
    SLICE_X5Y11          LUT6 (Prop_lut6_I4_O)        0.124    12.474 f  u_core/cs_registers_i/debug_triggers_i/gen_triggers.tmatch_csr[0].tdata1_csr_i/status_leds_o_OBUF[4]_inst_i_5_comp/O
                         net (fo=2, routed)           0.461    12.936    u_core/load_store_unit_i/gen_wpt.wpt_i/status_leds_o_OBUF[4]_inst_i_5_n_0_alias
    SLICE_X3Y10          LUT6 (Prop_lut6_I3_O)        0.124    13.059 r  u_core/load_store_unit_i/gen_wpt.wpt_i/status_leds_o_OBUF[4]_inst_i_1_comp/O
                         net (fo=14, routed)          1.879    14.939    status_leds_o_OBUF[4]
    T13                  OBUF (Prop_obuf_I_O)         2.629    17.567 r  status_leds_o_OBUF[4]_inst/O
                         net (fo=0)                   0.000    17.567    status_leds_o[4]
    T13                                                               r  status_leds_o[4] (OUT)
  -------------------------------------------------------------------    -------------------

                         (clock sys_clk rise edge)   20.000    20.000 r  
                         clock pessimism              0.000    20.000    
                         clock uncertainty           -0.035    19.965    
                         output delay                -5.000    14.965    
  -------------------------------------------------------------------
                         required time                         14.965    
                         arrival time                         -17.567    
  -------------------------------------------------------------------
                         slack                                 -2.603    

Slack (VIOLATED) :        -1.425ns  (required time - arrival time)
  Source:                 debug_req_i
                            (input port clocked by sys_clk  {rise@0.000ns fall@10.000ns period=20.000ns})
  Destination:            u_core/id_stage_i/id_ex_pipe_o_reg[alu_operand_a][26]/D
                            (rising edge-triggered cell FDCE clocked by sys_clk  {rise@0.000ns fall@10.000ns period=20.000ns})
  Path Group:             sys_clk
  Path Type:              Setup (Max at Slow Process Corner)
  Requirement:            20.000ns  (sys_clk rise@20.000ns - sys_clk rise@0.000ns)
  Data Path Delay:        20.702ns  (logic 9.821ns (47.438%)  route 10.882ns (52.562%))
  Logic Levels:           20  (CARRY4=4 DSP48E1=2 IBUF=1 LUT2=2 LUT3=1 LUT4=1 LUT5=1 LUT6=8)
  Input Delay:            5.000ns
  Clock Path Skew:        4.232ns (DCD - SCD + CPR)
    Destination Clock Delay (DCD):    4.232ns = ( 24.232 - 20.000 ) 
    Source Clock Delay      (SCD):    0.000ns
    Clock Pessimism Removal (CPR):    0.000ns
  Clock Uncertainty:      0.035ns  ((TSJ^2 + TIJ^2)^1/2 + DJ) / 2 + PE
    Total System Jitter     (TSJ):    0.071ns
    Total Input Jitter      (TIJ):    0.000ns
    Discrete Jitter          (DJ):    0.000ns
    Phase Error              (PE):    0.000ns

    Location             Delay type                Incr(ns)  Path(ns)    Netlist Resource(s)
  -------------------------------------------------------------------    -------------------
                         (clock sys_clk rise edge)    0.000     0.000 r  
                         input delay                  5.000     5.000    
    U16                                               0.000     5.000 r  debug_req_i (IN)
                         net (fo=0)                   0.000     5.000    debug_req_i
    U16                  IBUF (Prop_ibuf_I_O)         0.968     5.968 r  debug_req_i_IBUF_inst/O
                         net (fo=8, routed)           2.132     8.099    u_core/controller_i/controller_fsm_i/debug_req_i_IBUF
    SLICE_X1Y13          LUT3 (Prop_lut3_I2_O)        0.124     8.223 r  u_core/controller_i/controller_fsm_i/core_sleep_o_OBUF_inst_i_3/O
                         net (fo=3, routed)           0.580     8.803    u_core/controller_i/controller_fsm_i/pending_async_debug__1
    SLICE_X3Y13          LUT6 (Prop_lut6_I0_O)        0.124     8.927 r  u_core/controller_i/controller_fsm_i/genblk5[6].hpm_event_flop.hpm_events[6]_i_3/O
                         net (fo=16, routed)          0.508     9.435    u_core/ex_stage_i/mul.mult_i/ctrl_fsm_o1125_out__4
    SLICE_X5Y14          LUT6 (Prop_lut6_I4_O)        0.124     9.559 f  u_core/ex_stage_i/mul.mult_i/csr_flush_ack_q_i_3/O
                         net (fo=4, routed)           0.826    10.385    u_core/ex_stage_i/mul.mult_i/ex_wb_pipe_o_reg[sys_wfi_insn]
    SLICE_X5Y13          LUT6 (Prop_lut6_I2_O)        0.124    10.509 f  u_core/ex_stage_i/mul.mult_i/mulh_state[1]_i_11/O
                         net (fo=2, routed)           0.455    10.964    u_core/ex_stage_i/mul.mult_i/ex_wb_pipe_o_reg[instr_valid]
    SLICE_X5Y11          LUT6 (Prop_lut6_I5_O)        0.124    11.088 f  u_core/ex_stage_i/mul.mult_i/mulh_state[1]_i_6/O
                         net (fo=1, routed)           0.411    11.498    u_core/ex_stage_i/mul.mult_i/csr_irq_enable_write
    SLICE_X3Y10          LUT6 (Prop_lut6_I2_O)        0.124    11.622 f  u_core/ex_stage_i/mul.mult_i/mulh_state[1]_i_4/O
                         net (fo=10, routed)          0.451    12.074    u_core/id_stage_i/ctrl_fsm[halt_ex]
    SLICE_X7Y10          LUT4 (Prop_lut4_I3_O)        0.124    12.198 r  u_core/id_stage_i/int_result_i_33/O
                         net (fo=66, routed)          1.015    13.213    u_core/id_stage_i/int_result_i_33_n_0
    SLICE_X11Y18         LUT5 (Prop_lut5_I1_O)        0.124    13.337 r  u_core/id_stage_i/int_result_i_20/O
                         net (fo=2, routed)           0.829    14.166    u_core/ex_stage_i/mul.mult_i/op_b[12]
    DSP48_X0Y9           DSP48E1 (Prop_dsp48e1_B[12]_PCOUT[47])
                                                      3.851    18.017 r  u_core/ex_stage_i/mul.mult_i/int_result__0/PCOUT[47]
                         net (fo=1, routed)           0.056    18.073    u_core/ex_stage_i/mul.mult_i/int_result__0_n_106
    DSP48_X0Y10          DSP48E1 (Prop_dsp48e1_PCIN[47]_P[0])
                                                      1.518    19.591 r  u_core/ex_stage_i/mul.mult_i/int_result__1/P[0]
                         net (fo=2, routed)           0.837    20.428    u_core/ex_stage_i/mul.mult_i/int_result__1_n_105
    SLICE_X12Y23         LUT2 (Prop_lut2_I0_O)        0.124    20.552 r  u_core/ex_stage_i/mul.mult_i/int_result_carry_i_3/O
                         net (fo=1, routed)           0.000    20.552    u_core/ex_stage_i/mul.mult_i/int_result_carry_i_3_n_0
    SLICE_X12Y23         CARRY4 (Prop_carry4_S[1]_CO[3])
                                                      0.533    21.085 r  u_core/ex_stage_i/mul.mult_i/int_result_carry/CO[3]
                         net (fo=1, routed)           0.000    21.085    u_core/ex_stage_i/mul.mult_i/int_result_carry_n_0
    SLICE_X12Y24         CARRY4 (Prop_carry4_CI_O[0])
                                                      0.219    21.304 r  u_core/ex_stage_i/mul.mult_i/int_result_carry__0/O[0]
                         net (fo=2, routed)           0.497    21.800    u_core/ex_stage_i/mul.mult_i/int_result__3[20]
    SLICE_X15Y24         LUT2 (Prop_lut2_I0_O)        0.295    22.095 r  u_core/ex_stage_i/mul.mult_i/result_carry__4_i_4/O
                         net (fo=1, routed)           0.000    22.095    u_core/ex_stage_i/mul.mult_i/result_carry__4_i_4_n_0
    SLICE_X15Y24         CARRY4 (Prop_carry4_S[0]_CO[3])
                                                      0.532    22.627 r  u_core/ex_stage_i/mul.mult_i/result_carry__4/CO[3]
                         net (fo=1, routed)           0.009    22.636    u_core/ex_stage_i/mul.mult_i/result_carry__4_n_0
    SLICE_X15Y25         CARRY4 (Prop_carry4_CI_O[2])
                                                      0.239    22.875 r  u_core/ex_stage_i/mul.mult_i/result_carry__5/O[2]
                         net (fo=3, routed)           0.774    23.649    u_core/id_stage_i/mul_result[26]
    SLICE_X28Y23         LUT6 (Prop_lut6_I2_O)        0.302    23.951 r  u_core/id_stage_i/ex_wb_pipe_o[rf_wdata][26]_i_4/O
                         net (fo=1, routed)           0.433    24.384    u_core/id_stage_i/ex_wb_pipe_o[rf_wdata][26]_i_4_n_0
    SLICE_X28Y23         LUT6 (Prop_lut6_I5_O)        0.124    24.508 r  u_core/id_stage_i/ex_wb_pipe_o[rf_wdata][26]_i_1/O
                         net (fo=6, routed)           1.070    25.578    u_core/if_stage_i/rf_wdata_ex[24]
    SLICE_X12Y15         LUT6 (Prop_lut6_I2_O)        0.124    25.702 r  u_core/if_stage_i/id_ex_pipe_o[alu_operand_a][26]_i_1/O
                         net (fo=1, routed)           0.000    25.702    u_core/id_stage_i/id_ex_pipe_o_reg[alu_operand_a][31]_6[26]
    SLICE_X12Y15         FDCE                                         r  u_core/id_stage_i/id_ex_pipe_o_reg[alu_operand_a][26]/D
  -------------------------------------------------------------------    -------------------

                         (clock sys_clk rise edge)   20.000    20.000 r  
    N15                                               0.000    20.000 r  clk_i (IN)
                         net (fo=0)                   0.000    20.000    clk_i
    N15                  IBUF (Prop_ibuf_I_O)         0.828    20.828 r  clk_i_IBUF_inst/O
                         net (fo=1, routed)           1.868    22.696    clk_i_IBUF
    BUFGCTRL_X0Y0        BUFG (Prop_bufg_I_O)         0.091    22.787 r  clk_i_IBUF_BUFG_inst/O
                         net (fo=2478, routed)        1.444    24.232    u_core/id_stage_i/clk_i_IBUF_BUFG
    SLICE_X12Y15         FDCE                                         r  u_core/id_stage_i/id_ex_pipe_o_reg[alu_operand_a][26]/C
                         clock pessimism              0.000    24.232    
                         clock uncertainty           -0.035    24.196    
    SLICE_X12Y15         FDCE (Setup_fdce_C_D)        0.081    24.277    u_core/id_stage_i/id_ex_pipe_o_reg[alu_operand_a][26]
  -------------------------------------------------------------------
                         required time                         24.277    
                         arrival time                         -25.702    
  -------------------------------------------------------------------
                         slack                                 -1.425    

Slack (VIOLATED) :        -1.424ns  (required time - arrival time)
  Source:                 debug_req_i
                            (input port clocked by sys_clk  {rise@0.000ns fall@10.000ns period=20.000ns})
  Destination:            u_core/id_stage_i/id_ex_pipe_o_reg[alu_operand_b][28]/D
                            (rising edge-triggered cell FDCE clocked by sys_clk  {rise@0.000ns fall@10.000ns period=20.000ns})
  Path Group:             sys_clk
  Path Type:              Setup (Max at Slow Process Corner)
  Requirement:            20.000ns  (sys_clk rise@20.000ns - sys_clk rise@0.000ns)
  Data Path Delay:        20.700ns  (logic 9.915ns (47.897%)  route 10.785ns (52.103%))
  Logic Levels:           21  (CARRY4=5 DSP48E1=2 IBUF=1 LUT2=2 LUT3=1 LUT4=1 LUT5=1 LUT6=8)
  Input Delay:            5.000ns
  Clock Path Skew:        4.231ns (DCD - SCD + CPR)
    Destination Clock Delay (DCD):    4.231ns = ( 24.231 - 20.000 ) 
    Source Clock Delay      (SCD):    0.000ns
    Clock Pessimism Removal (CPR):    0.000ns
  Clock Uncertainty:      0.035ns  ((TSJ^2 + TIJ^2)^1/2 + DJ) / 2 + PE
    Total System Jitter     (TSJ):    0.071ns
    Total Input Jitter      (TIJ):    0.000ns
    Discrete Jitter          (DJ):    0.000ns
    Phase Error              (PE):    0.000ns

    Location             Delay type                Incr(ns)  Path(ns)    Netlist Resource(s)
  -------------------------------------------------------------------    -------------------
                         (clock sys_clk rise edge)    0.000     0.000 r  
                         input delay                  5.000     5.000    
    U16                                               0.000     5.000 r  debug_req_i (IN)
                         net (fo=0)                   0.000     5.000    debug_req_i
    U16                  IBUF (Prop_ibuf_I_O)         0.968     5.968 r  debug_req_i_IBUF_inst/O
                         net (fo=8, routed)           2.132     8.099    u_core/controller_i/controller_fsm_i/debug_req_i_IBUF
    SLICE_X1Y13          LUT3 (Prop_lut3_I2_O)        0.124     8.223 r  u_core/controller_i/controller_fsm_i/core_sleep_o_OBUF_inst_i_3/O
                         net (fo=3, routed)           0.580     8.803    u_core/controller_i/controller_fsm_i/pending_async_debug__1
    SLICE_X3Y13          LUT6 (Prop_lut6_I0_O)        0.124     8.927 r  u_core/controller_i/controller_fsm_i/genblk5[6].hpm_event_flop.hpm_events[6]_i_3/O
                         net (fo=16, routed)          0.508     9.435    u_core/ex_stage_i/mul.mult_i/ctrl_fsm_o1125_out__4
    SLICE_X5Y14          LUT6 (Prop_lut6_I4_O)        0.124     9.559 f  u_core/ex_stage_i/mul.mult_i/csr_flush_ack_q_i_3/O
                         net (fo=4, routed)           0.826    10.385    u_core/ex_stage_i/mul.mult_i/ex_wb_pipe_o_reg[sys_wfi_insn]
    SLICE_X5Y13          LUT6 (Prop_lut6_I2_O)        0.124    10.509 f  u_core/ex_stage_i/mul.mult_i/mulh_state[1]_i_11/O
                         net (fo=2, routed)           0.455    10.964    u_core/ex_stage_i/mul.mult_i/ex_wb_pipe_o_reg[instr_valid]
    SLICE_X5Y11          LUT6 (Prop_lut6_I5_O)        0.124    11.088 f  u_core/ex_stage_i/mul.mult_i/mulh_state[1]_i_6/O
                         net (fo=1, routed)           0.411    11.498    u_core/ex_stage_i/mul.mult_i/csr_irq_enable_write
    SLICE_X3Y10          LUT6 (Prop_lut6_I2_O)        0.124    11.622 f  u_core/ex_stage_i/mul.mult_i/mulh_state[1]_i_4/O
                         net (fo=10, routed)          0.451    12.074    u_core/id_stage_i/ctrl_fsm[halt_ex]
    SLICE_X7Y10          LUT4 (Prop_lut4_I3_O)        0.124    12.198 r  u_core/id_stage_i/int_result_i_33/O
                         net (fo=66, routed)          1.015    13.213    u_core/id_stage_i/int_result_i_33_n_0
    SLICE_X11Y18         LUT5 (Prop_lut5_I1_O)        0.124    13.337 r  u_core/id_stage_i/int_result_i_20/O
                         net (fo=2, routed)           0.829    14.166    u_core/ex_stage_i/mul.mult_i/op_b[12]
    DSP48_X0Y9           DSP48E1 (Prop_dsp48e1_B[12]_PCOUT[47])
                                                      3.851    18.017 r  u_core/ex_stage_i/mul.mult_i/int_result__0/PCOUT[47]
                         net (fo=1, routed)           0.056    18.073    u_core/ex_stage_i/mul.mult_i/int_result__0_n_106
    DSP48_X0Y10          DSP48E1 (Prop_dsp48e1_PCIN[47]_P[0])
                                                      1.518    19.591 r  u_core/ex_stage_i/mul.mult_i/int_result__1/P[0]
                         net (fo=2, routed)           0.837    20.428    u_core/ex_stage_i/mul.mult_i/int_result__1_n_105
    SLICE_X12Y23         LUT2 (Prop_lut2_I0_O)        0.124    20.552 r  u_core/ex_stage_i/mul.mult_i/int_result_carry_i_3/O
                         net (fo=1, routed)           0.000    20.552    u_core/ex_stage_i/mul.mult_i/int_result_carry_i_3_n_0
    SLICE_X12Y23         CARRY4 (Prop_carry4_S[1]_CO[3])
                                                      0.533    21.085 r  u_core/ex_stage_i/mul.mult_i/int_result_carry/CO[3]
                         net (fo=1, routed)           0.000    21.085    u_core/ex_stage_i/mul.mult_i/int_result_carry_n_0
    SLICE_X12Y24         CARRY4 (Prop_carry4_CI_O[0])
                                                      0.219    21.304 r  u_core/ex_stage_i/mul.mult_i/int_result_carry__0/O[0]
                         net (fo=2, routed)           0.497    21.800    u_core/ex_stage_i/mul.mult_i/int_result__3[20]
    SLICE_X15Y24         LUT2 (Prop_lut2_I0_O)        0.295    22.095 r  u_core/ex_stage_i/mul.mult_i/result_carry__4_i_4/O
                         net (fo=1, routed)           0.000    22.095    u_core/ex_stage_i/mul.mult_i/result_carry__4_i_4_n_0
    SLICE_X15Y24         CARRY4 (Prop_carry4_S[0]_CO[3])
                                                      0.532    22.627 r  u_core/ex_stage_i/mul.mult_i/result_carry__4/CO[3]
                         net (fo=1, routed)           0.009    22.636    u_core/ex_stage_i/mul.mult_i/result_carry__4_n_0
    SLICE_X15Y25         CARRY4 (Prop_carry4_CI_CO[3])
                                                      0.114    22.750 r  u_core/ex_stage_i/mul.mult_i/result_carry__5/CO[3]
                         net (fo=1, routed)           0.000    22.750    u_core/ex_stage_i/mul.mult_i/result_carry__5_n_0
    SLICE_X15Y26         CARRY4 (Prop_carry4_CI_O[0])
                                                      0.222    22.972 r  u_core/ex_stage_i/mul.mult_i/result_carry__6/O[0]
                         net (fo=4, routed)           0.781    23.753    u_core/id_stage_i/mul_result[28]
    SLICE_X29Y23         LUT6 (Prop_lut6_I2_O)        0.299    24.052 r  u_core/id_stage_i/id_ex_pipe_o[muldiv_operand_a][28]_i_3/O
                         net (fo=2, routed)           0.566    24.618    u_core/id_stage_i/id_ex_pipe_o_reg[alu_en]_2
    SLICE_X29Y20         LUT6 (Prop_lut6_I2_O)        0.124    24.742 r  u_core/id_stage_i/id_ex_pipe_o[muldiv_operand_b][28]_i_1/O
                         net (fo=3, routed)           0.834    25.576    u_core/if_stage_i/D[3]
    SLICE_X12Y16         LUT6 (Prop_lut6_I5_O)        0.124    25.700 r  u_core/if_stage_i/id_ex_pipe_o[alu_operand_b][28]_i_1/O
                         net (fo=1, routed)           0.000    25.700    u_core/id_stage_i/id_ex_pipe_o_reg[alu_operand_b][30]_0[3]
    SLICE_X12Y16         FDCE                                         r  u_core/id_stage_i/id_ex_pipe_o_reg[alu_operand_b][28]/D
  -------------------------------------------------------------------    -------------------

                         (clock sys_clk rise edge)   20.000    20.000 r  
    N15                                               0.000    20.000 r  clk_i (IN)
                         net (fo=0)                   0.000    20.000    clk_i
    N15                  IBUF (Prop_ibuf_I_O)         0.828    20.828 r  clk_i_IBUF_inst/O
                         net (fo=1, routed)           1.868    22.696    clk_i_IBUF
    BUFGCTRL_X0Y0        BUFG (Prop_bufg_I_O)         0.091    22.787 r  clk_i_IBUF_BUFG_inst/O
                         net (fo=2478, routed)        1.443    24.231    u_core/id_stage_i/clk_i_IBUF_BUFG
    SLICE_X12Y16         FDCE                                         r  u_core/id_stage_i/id_ex_pipe_o_reg[alu_operand_b][28]/C
                         clock pessimism              0.000    24.231    
                         clock uncertainty           -0.035    24.195    
    SLICE_X12Y16         FDCE (Setup_fdce_C_D)        0.081    24.276    u_core/id_stage_i/id_ex_pipe_o_reg[alu_operand_b][28]
  -------------------------------------------------------------------
                         required time                         24.276    
                         arrival time                         -25.700    
  -------------------------------------------------------------------
                         slack                                 -1.424    

Slack (VIOLATED) :        -1.402ns  (required time - arrival time)
  Source:                 debug_req_i
                            (input port clocked by sys_clk  {rise@0.000ns fall@10.000ns period=20.000ns})
  Destination:            u_core/id_stage_i/id_ex_pipe_o_reg[alu_operand_b][26]/D
                            (rising edge-triggered cell FDCE clocked by sys_clk  {rise@0.000ns fall@10.000ns period=20.000ns})
  Path Group:             sys_clk
  Path Type:              Setup (Max at Slow Process Corner)
  Requirement:            20.000ns  (sys_clk rise@20.000ns - sys_clk rise@0.000ns)
  Data Path Delay:        20.675ns  (logic 9.821ns (47.499%)  route 10.855ns (52.501%))
  Logic Levels:           20  (CARRY4=4 DSP48E1=2 IBUF=1 LUT2=2 LUT3=1 LUT4=1 LUT5=1 LUT6=8)
  Input Delay:            5.000ns
  Clock Path Skew:        4.232ns (DCD - SCD + CPR)
    Destination Clock Delay (DCD):    4.232ns = ( 24.232 - 20.000 ) 
    Source Clock Delay      (SCD):    0.000ns
    Clock Pessimism Removal (CPR):    0.000ns
  Clock Uncertainty:      0.035ns  ((TSJ^2 + TIJ^2)^1/2 + DJ) / 2 + PE
    Total System Jitter     (TSJ):    0.071ns
    Total Input Jitter      (TIJ):    0.000ns
    Discrete Jitter          (DJ):    0.000ns
    Phase Error              (PE):    0.000ns

    Location             Delay type                Incr(ns)  Path(ns)    Netlist Resource(s)
  -------------------------------------------------------------------    -------------------
                         (clock sys_clk rise edge)    0.000     0.000 r  
                         input delay                  5.000     5.000    
    U16                                               0.000     5.000 r  debug_req_i (IN)
                         net (fo=0)                   0.000     5.000    debug_req_i
    U16                  IBUF (Prop_ibuf_I_O)         0.968     5.968 r  debug_req_i_IBUF_inst/O
                         net (fo=8, routed)           2.132     8.099    u_core/controller_i/controller_fsm_i/debug_req_i_IBUF
    SLICE_X1Y13          LUT3 (Prop_lut3_I2_O)        0.124     8.223 r  u_core/controller_i/controller_fsm_i/core_sleep_o_OBUF_inst_i_3/O
                         net (fo=3, routed)           0.580     8.803    u_core/controller_i/controller_fsm_i/pending_async_debug__1
    SLICE_X3Y13          LUT6 (Prop_lut6_I0_O)        0.124     8.927 r  u_core/controller_i/controller_fsm_i/genblk5[6].hpm_event_flop.hpm_events[6]_i_3/O
                         net (fo=16, routed)          0.508     9.435    u_core/ex_stage_i/mul.mult_i/ctrl_fsm_o1125_out__4
    SLICE_X5Y14          LUT6 (Prop_lut6_I4_O)        0.124     9.559 f  u_core/ex_stage_i/mul.mult_i/csr_flush_ack_q_i_3/O
                         net (fo=4, routed)           0.826    10.385    u_core/ex_stage_i/mul.mult_i/ex_wb_pipe_o_reg[sys_wfi_insn]
    SLICE_X5Y13          LUT6 (Prop_lut6_I2_O)        0.124    10.509 f  u_core/ex_stage_i/mul.mult_i/mulh_state[1]_i_11/O
                         net (fo=2, routed)           0.455    10.964    u_core/ex_stage_i/mul.mult_i/ex_wb_pipe_o_reg[instr_valid]
    SLICE_X5Y11          LUT6 (Prop_lut6_I5_O)        0.124    11.088 f  u_core/ex_stage_i/mul.mult_i/mulh_state[1]_i_6/O
                         net (fo=1, routed)           0.411    11.498    u_core/ex_stage_i/mul.mult_i/csr_irq_enable_write
    SLICE_X3Y10          LUT6 (Prop_lut6_I2_O)        0.124    11.622 f  u_core/ex_stage_i/mul.mult_i/mulh_state[1]_i_4/O
                         net (fo=10, routed)          0.451    12.074    u_core/id_stage_i/ctrl_fsm[halt_ex]
    SLICE_X7Y10          LUT4 (Prop_lut4_I3_O)        0.124    12.198 r  u_core/id_stage_i/int_result_i_33/O
                         net (fo=66, routed)          1.015    13.213    u_core/id_stage_i/int_result_i_33_n_0
    SLICE_X11Y18         LUT5 (Prop_lut5_I1_O)        0.124    13.337 r  u_core/id_stage_i/int_result_i_20/O
                         net (fo=2, routed)           0.829    14.166    u_core/ex_stage_i/mul.mult_i/op_b[12]
    DSP48_X0Y9           DSP48E1 (Prop_dsp48e1_B[12]_PCOUT[47])
                                                      3.851    18.017 r  u_core/ex_stage_i/mul.mult_i/int_result__0/PCOUT[47]
                         net (fo=1, routed)           0.056    18.073    u_core/ex_stage_i/mul.mult_i/int_result__0_n_106
    DSP48_X0Y10          DSP48E1 (Prop_dsp48e1_PCIN[47]_P[0])
                                                      1.518    19.591 r  u_core/ex_stage_i/mul.mult_i/int_result__1/P[0]
                         net (fo=2, routed)           0.837    20.428    u_core/ex_stage_i/mul.mult_i/int_result__1_n_105
    SLICE_X12Y23         LUT2 (Prop_lut2_I0_O)        0.124    20.552 r  u_core/ex_stage_i/mul.mult_i/int_result_carry_i_3/O
                         net (fo=1, routed)           0.000    20.552    u_core/ex_stage_i/mul.mult_i/int_result_carry_i_3_n_0
    SLICE_X12Y23         CARRY4 (Prop_carry4_S[1]_CO[3])
                                                      0.533    21.085 r  u_core/ex_stage_i/mul.mult_i/int_result_carry/CO[3]
                         net (fo=1, routed)           0.000    21.085    u_core/ex_stage_i/mul.mult_i/int_result_carry_n_0
    SLICE_X12Y24         CARRY4 (Prop_carry4_CI_O[0])
                                                      0.219    21.304 r  u_core/ex_stage_i/mul.mult_i/int_result_carry__0/O[0]
                         net (fo=2, routed)           0.497    21.800    u_core/ex_stage_i/mul.mult_i/int_result__3[20]
    SLICE_X15Y24         LUT2 (Prop_lut2_I0_O)        0.295    22.095 r  u_core/ex_stage_i/mul.mult_i/result_carry__4_i_4/O
                         net (fo=1, routed)           0.000    22.095    u_core/ex_stage_i/mul.mult_i/result_carry__4_i_4_n_0
    SLICE_X15Y24         CARRY4 (Prop_carry4_S[0]_CO[3])
                                                      0.532    22.627 r  u_core/ex_stage_i/mul.mult_i/result_carry__4/CO[3]
                         net (fo=1, routed)           0.009    22.636    u_core/ex_stage_i/mul.mult_i/result_carry__4_n_0
    SLICE_X15Y25         CARRY4 (Prop_carry4_CI_O[2])
                                                      0.239    22.875 r  u_core/ex_stage_i/mul.mult_i/result_carry__5/O[2]
                         net (fo=3, routed)           0.774    23.649    u_core/id_stage_i/mul_result[26]
    SLICE_X28Y23         LUT6 (Prop_lut6_I2_O)        0.302    23.951 r  u_core/id_stage_i/ex_wb_pipe_o[rf_wdata][26]_i_4/O
                         net (fo=1, routed)           0.433    24.384    u_core/id_stage_i/ex_wb_pipe_o[rf_wdata][26]_i_4_n_0
    SLICE_X28Y23         LUT6 (Prop_lut6_I5_O)        0.124    24.508 r  u_core/id_stage_i/ex_wb_pipe_o[rf_wdata][26]_i_1/O
                         net (fo=6, routed)           1.043    25.551    u_core/id_stage_i/rf_wdata_ex[26]
    SLICE_X14Y15         LUT6 (Prop_lut6_I3_O)        0.124    25.675 r  u_core/id_stage_i/id_ex_pipe_o[alu_operand_b][26]_i_1/O
                         net (fo=1, routed)           0.000    25.675    u_core/id_stage_i/id_ex_pipe_o[alu_operand_b][26]_i_1_n_0
    SLICE_X14Y15         FDCE                                         r  u_core/id_stage_i/id_ex_pipe_o_reg[alu_operand_b][26]/D
  -------------------------------------------------------------------    -------------------

                         (clock sys_clk rise edge)   20.000    20.000 r  
    N15                                               0.000    20.000 r  clk_i (IN)
                         net (fo=0)                   0.000    20.000    clk_i
    N15                  IBUF (Prop_ibuf_I_O)         0.828    20.828 r  clk_i_IBUF_inst/O
                         net (fo=1, routed)           1.868    22.696    clk_i_IBUF
    BUFGCTRL_X0Y0        BUFG (Prop_bufg_I_O)         0.091    22.787 r  clk_i_IBUF_BUFG_inst/O
                         net (fo=2478, routed)        1.444    24.232    u_core/id_stage_i/clk_i_IBUF_BUFG
    SLICE_X14Y15         FDCE                                         r  u_core/id_stage_i/id_ex_pipe_o_reg[alu_operand_b][26]/C
                         clock pessimism              0.000    24.232    
                         clock uncertainty           -0.035    24.196    
    SLICE_X14Y15         FDCE (Setup_fdce_C_D)        0.077    24.273    u_core/id_stage_i/id_ex_pipe_o_reg[alu_operand_b][26]
  -------------------------------------------------------------------
                         required time                         24.273    
                         arrival time                         -25.675    
  -------------------------------------------------------------------
                         slack                                 -1.402    

Slack (VIOLATED) :        -1.314ns  (required time - arrival time)
  Source:                 debug_req_i
                            (input port clocked by sys_clk  {rise@0.000ns fall@10.000ns period=20.000ns})
  Destination:            u_core/id_stage_i/id_ex_pipe_o_reg[alu_operand_b][29]/D
                            (rising edge-triggered cell FDCE clocked by sys_clk  {rise@0.000ns fall@10.000ns period=20.000ns})
  Path Group:             sys_clk
  Path Type:              Setup (Max at Slow Process Corner)
  Requirement:            20.000ns  (sys_clk rise@20.000ns - sys_clk rise@0.000ns)
  Data Path Delay:        20.542ns  (logic 10.031ns (48.831%)  route 10.511ns (51.169%))
  Logic Levels:           21  (CARRY4=5 DSP48E1=2 IBUF=1 LUT2=2 LUT3=1 LUT4=1 LUT5=1 LUT6=8)
  Input Delay:            5.000ns
  Clock Path Skew:        4.231ns (DCD - SCD + CPR)
    Destination Clock Delay (DCD):    4.231ns = ( 24.231 - 20.000 ) 
    Source Clock Delay      (SCD):    0.000ns
    Clock Pessimism Removal (CPR):    0.000ns
  Clock Uncertainty:      0.035ns  ((TSJ^2 + TIJ^2)^1/2 + DJ) / 2 + PE
    Total System Jitter     (TSJ):    0.071ns
    Total Input Jitter      (TIJ):    0.000ns
    Discrete Jitter          (DJ):    0.000ns
    Phase Error              (PE):    0.000ns

    Location             Delay type                Incr(ns)  Path(ns)    Netlist Resource(s)
  -------------------------------------------------------------------    -------------------
                         (clock sys_clk rise edge)    0.000     0.000 r  
                         input delay                  5.000     5.000    
    U16                                               0.000     5.000 r  debug_req_i (IN)
                         net (fo=0)                   0.000     5.000    debug_req_i
    U16                  IBUF (Prop_ibuf_I_O)         0.968     5.968 r  debug_req_i_IBUF_inst/O
                         net (fo=8, routed)           2.132     8.099    u_core/controller_i/controller_fsm_i/debug_req_i_IBUF
    SLICE_X1Y13          LUT3 (Prop_lut3_I2_O)        0.124     8.223 r  u_core/controller_i/controller_fsm_i/core_sleep_o_OBUF_inst_i_3/O
                         net (fo=3, routed)           0.580     8.803    u_core/controller_i/controller_fsm_i/pending_async_debug__1
    SLICE_X3Y13          LUT6 (Prop_lut6_I0_O)        0.124     8.927 r  u_core/controller_i/controller_fsm_i/genblk5[6].hpm_event_flop.hpm_events[6]_i_3/O
                         net (fo=16, routed)          0.508     9.435    u_core/ex_stage_i/mul.mult_i/ctrl_fsm_o1125_out__4
    SLICE_X5Y14          LUT6 (Prop_lut6_I4_O)        0.124     9.559 f  u_core/ex_stage_i/mul.mult_i/csr_flush_ack_q_i_3/O
                         net (fo=4, routed)           0.826    10.385    u_core/ex_stage_i/mul.mult_i/ex_wb_pipe_o_reg[sys_wfi_insn]
    SLICE_X5Y13          LUT6 (Prop_lut6_I2_O)        0.124    10.509 f  u_core/ex_stage_i/mul.mult_i/mulh_state[1]_i_11/O
                         net (fo=2, routed)           0.455    10.964    u_core/ex_stage_i/mul.mult_i/ex_wb_pipe_o_reg[instr_valid]
    SLICE_X5Y11          LUT6 (Prop_lut6_I5_O)        0.124    11.088 f  u_core/ex_stage_i/mul.mult_i/mulh_state[1]_i_6/O
                         net (fo=1, routed)           0.411    11.498    u_core/ex_stage_i/mul.mult_i/csr_irq_enable_write
    SLICE_X3Y10          LUT6 (Prop_lut6_I2_O)        0.124    11.622 f  u_core/ex_stage_i/mul.mult_i/mulh_state[1]_i_4/O
                         net (fo=10, routed)          0.451    12.074    u_core/id_stage_i/ctrl_fsm[halt_ex]
    SLICE_X7Y10          LUT4 (Prop_lut4_I3_O)        0.124    12.198 r  u_core/id_stage_i/int_result_i_33/O
                         net (fo=66, routed)          1.015    13.213    u_core/id_stage_i/int_result_i_33_n_0
    SLICE_X11Y18         LUT5 (Prop_lut5_I1_O)        0.124    13.337 r  u_core/id_stage_i/int_result_i_20/O
                         net (fo=2, routed)           0.829    14.166    u_core/ex_stage_i/mul.mult_i/op_b[12]
    DSP48_X0Y9           DSP48E1 (Prop_dsp48e1_B[12]_PCOUT[47])
                                                      3.851    18.017 r  u_core/ex_stage_i/mul.mult_i/int_result__0/PCOUT[47]
                         net (fo=1, routed)           0.056    18.073    u_core/ex_stage_i/mul.mult_i/int_result__0_n_106
    DSP48_X0Y10          DSP48E1 (Prop_dsp48e1_PCIN[47]_P[0])
                                                      1.518    19.591 r  u_core/ex_stage_i/mul.mult_i/int_result__1/P[0]
                         net (fo=2, routed)           0.837    20.428    u_core/ex_stage_i/mul.mult_i/int_result__1_n_105
    SLICE_X12Y23         LUT2 (Prop_lut2_I0_O)        0.124    20.552 r  u_core/ex_stage_i/mul.mult_i/int_result_carry_i_3/O
                         net (fo=1, routed)           0.000    20.552    u_core/ex_stage_i/mul.mult_i/int_result_carry_i_3_n_0
    SLICE_X12Y23         CARRY4 (Prop_carry4_S[1]_CO[3])
                                                      0.533    21.085 r  u_core/ex_stage_i/mul.mult_i/int_result_carry/CO[3]
                         net (fo=1, routed)           0.000    21.085    u_core/ex_stage_i/mul.mult_i/int_result_carry_n_0
    SLICE_X12Y24         CARRY4 (Prop_carry4_CI_O[0])
                                                      0.219    21.304 r  u_core/ex_stage_i/mul.mult_i/int_result_carry__0/O[0]
                         net (fo=2, routed)           0.497    21.800    u_core/ex_stage_i/mul.mult_i/int_result__3[20]
    SLICE_X15Y24         LUT2 (Prop_lut2_I0_O)        0.295    22.095 r  u_core/ex_stage_i/mul.mult_i/result_carry__4_i_4/O
                         net (fo=1, routed)           0.000    22.095    u_core/ex_stage_i/mul.mult_i/result_carry__4_i_4_n_0
    SLICE_X15Y24         CARRY4 (Prop_carry4_S[0]_CO[3])
                                                      0.532    22.627 r  u_core/ex_stage_i/mul.mult_i/result_carry__4/CO[3]
                         net (fo=1, routed)           0.009    22.636    u_core/ex_stage_i/mul.mult_i/result_carry__4_n_0
    SLICE_X15Y25         CARRY4 (Prop_carry4_CI_CO[3])
                                                      0.114    22.750 r  u_core/ex_stage_i/mul.mult_i/result_carry__5/CO[3]
                         net (fo=1, routed)           0.000    22.750    u_core/ex_stage_i/mul.mult_i/result_carry__5_n_0
    SLICE_X15Y26         CARRY4 (Prop_carry4_CI_O[1])
                                                      0.334    23.084 r  u_core/ex_stage_i/mul.mult_i/result_carry__6/O[1]
                         net (fo=4, routed)           0.858    23.942    u_core/id_stage_i/mul_result[29]
    SLICE_X29Y22         LUT6 (Prop_lut6_I2_O)        0.303    24.245 r  u_core/id_stage_i/id_ex_pipe_o[muldiv_operand_a][29]_i_3/O
                         net (fo=2, routed)           0.274    24.518    u_core/id_stage_i/id_ex_pipe_o_reg[alu_en]_3
    SLICE_X29Y22         LUT6 (Prop_lut6_I2_O)        0.124    24.642 r  u_core/id_stage_i/id_ex_pipe_o[muldiv_operand_b][29]_i_1/O
                         net (fo=3, routed)           0.775    25.418    u_core/if_stage_i/D[4]
    SLICE_X13Y16         LUT6 (Prop_lut6_I5_O)        0.124    25.542 r  u_core/if_stage_i/id_ex_pipe_o[alu_operand_b][29]_i_1/O
                         net (fo=1, routed)           0.000    25.542    u_core/id_stage_i/id_ex_pipe_o_reg[alu_operand_b][30]_0[4]
    SLICE_X13Y16         FDCE                                         r  u_core/id_stage_i/id_ex_pipe_o_reg[alu_operand_b][29]/D
  -------------------------------------------------------------------    -------------------

                         (clock sys_clk rise edge)   20.000    20.000 r  
    N15                                               0.000    20.000 r  clk_i (IN)
                         net (fo=0)                   0.000    20.000    clk_i
    N15                  IBUF (Prop_ibuf_I_O)         0.828    20.828 r  clk_i_IBUF_inst/O
                         net (fo=1, routed)           1.868    22.696    clk_i_IBUF
    BUFGCTRL_X0Y0        BUFG (Prop_bufg_I_O)         0.091    22.787 r  clk_i_IBUF_BUFG_inst/O
                         net (fo=2478, routed)        1.443    24.231    u_core/id_stage_i/clk_i_IBUF_BUFG
    SLICE_X13Y16         FDCE                                         r  u_core/id_stage_i/id_ex_pipe_o_reg[alu_operand_b][29]/C
                         clock pessimism              0.000    24.231    
                         clock uncertainty           -0.035    24.195    
    SLICE_X13Y16         FDCE (Setup_fdce_C_D)        0.032    24.227    u_core/id_stage_i/id_ex_pipe_o_reg[alu_operand_b][29]
  -------------------------------------------------------------------
                         required time                         24.227    
                         arrival time                         -25.542    
  -------------------------------------------------------------------
                         slack                                 -1.314    

Slack (VIOLATED) :        -1.233ns  (required time - arrival time)
  Source:                 debug_req_i
                            (input port clocked by sys_clk  {rise@0.000ns fall@10.000ns period=20.000ns})
  Destination:            u_core/id_stage_i/id_ex_pipe_o_reg[operand_c][28]/D
                            (rising edge-triggered cell FDCE clocked by sys_clk  {rise@0.000ns fall@10.000ns period=20.000ns})
  Path Group:             sys_clk
  Path Type:              Setup (Max at Slow Process Corner)
  Requirement:            20.000ns  (sys_clk rise@20.000ns - sys_clk rise@0.000ns)
  Data Path Delay:        20.446ns  (logic 9.915ns (48.491%)  route 10.532ns (51.509%))
  Logic Levels:           21  (CARRY4=5 DSP48E1=2 IBUF=1 LUT2=2 LUT3=2 LUT4=1 LUT5=1 LUT6=7)
  Input Delay:            5.000ns
  Clock Path Skew:        4.220ns (DCD - SCD + CPR)
    Destination Clock Delay (DCD):    4.220ns = ( 24.220 - 20.000 ) 
    Source Clock Delay      (SCD):    0.000ns
    Clock Pessimism Removal (CPR):    0.000ns
  Clock Uncertainty:      0.035ns  ((TSJ^2 + TIJ^2)^1/2 + DJ) / 2 + PE
    Total System Jitter     (TSJ):    0.071ns
    Total Input Jitter      (TIJ):    0.000ns
    Discrete Jitter          (DJ):    0.000ns
    Phase Error              (PE):    0.000ns

    Location             Delay type                Incr(ns)  Path(ns)    Netlist Resource(s)
  -------------------------------------------------------------------    -------------------
                         (clock sys_clk rise edge)    0.000     0.000 r  
                         input delay                  5.000     5.000    
    U16                                               0.000     5.000 r  debug_req_i (IN)
                         net (fo=0)                   0.000     5.000    debug_req_i
    U16                  IBUF (Prop_ibuf_I_O)         0.968     5.968 r  debug_req_i_IBUF_inst/O
                         net (fo=8, routed)           2.132     8.099    u_core/controller_i/controller_fsm_i/debug_req_i_IBUF
    SLICE_X1Y13          LUT3 (Prop_lut3_I2_O)        0.124     8.223 r  u_core/controller_i/controller_fsm_i/core_sleep_o_OBUF_inst_i_3/O
                         net (fo=3, routed)           0.580     8.803    u_core/controller_i/controller_fsm_i/pending_async_debug__1
    SLICE_X3Y13          LUT6 (Prop_lut6_I0_O)        0.124     8.927 r  u_core/controller_i/controller_fsm_i/genblk5[6].hpm_event_flop.hpm_events[6]_i_3/O
                         net (fo=16, routed)          0.508     9.435    u_core/ex_stage_i/mul.mult_i/ctrl_fsm_o1125_out__4
    SLICE_X5Y14          LUT6 (Prop_lut6_I4_O)        0.124     9.559 f  u_core/ex_stage_i/mul.mult_i/csr_flush_ack_q_i_3/O
                         net (fo=4, routed)           0.826    10.385    u_core/ex_stage_i/mul.mult_i/ex_wb_pipe_o_reg[sys_wfi_insn]
    SLICE_X5Y13          LUT6 (Prop_lut6_I2_O)        0.124    10.509 f  u_core/ex_stage_i/mul.mult_i/mulh_state[1]_i_11/O
                         net (fo=2, routed)           0.455    10.964    u_core/ex_stage_i/mul.mult_i/ex_wb_pipe_o_reg[instr_valid]
    SLICE_X5Y11          LUT6 (Prop_lut6_I5_O)        0.124    11.088 f  u_core/ex_stage_i/mul.mult_i/mulh_state[1]_i_6/O
                         net (fo=1, routed)           0.411    11.498    u_core/ex_stage_i/mul.mult_i/csr_irq_enable_write
    SLICE_X3Y10          LUT6 (Prop_lut6_I2_O)        0.124    11.622 f  u_core/ex_stage_i/mul.mult_i/mulh_state[1]_i_4/O
                         net (fo=10, routed)          0.451    12.074    u_core/id_stage_i/ctrl_fsm[halt_ex]
    SLICE_X7Y10          LUT4 (Prop_lut4_I3_O)        0.124    12.198 r  u_core/id_stage_i/int_result_i_33/O
                         net (fo=66, routed)          1.015    13.213    u_core/id_stage_i/int_result_i_33_n_0
    SLICE_X11Y18         LUT5 (Prop_lut5_I1_O)        0.124    13.337 r  u_core/id_stage_i/int_result_i_20/O
                         net (fo=2, routed)           0.829    14.166    u_core/ex_stage_i/mul.mult_i/op_b[12]
    DSP48_X0Y9           DSP48E1 (Prop_dsp48e1_B[12]_PCOUT[47])
                                                      3.851    18.017 r  u_core/ex_stage_i/mul.mult_i/int_result__0/PCOUT[47]
                         net (fo=1, routed)           0.056    18.073    u_core/ex_stage_i/mul.mult_i/int_result__0_n_106
    DSP48_X0Y10          DSP48E1 (Prop_dsp48e1_PCIN[47]_P[0])
                                                      1.518    19.591 r  u_core/ex_stage_i/mul.mult_i/int_result__1/P[0]
                         net (fo=2, routed)           0.837    20.428    u_core/ex_stage_i/mul.mult_i/int_result__1_n_105
    SLICE_X12Y23         LUT2 (Prop_lut2_I0_O)        0.124    20.552 r  u_core/ex_stage_i/mul.mult_i/int_result_carry_i_3/O
                         net (fo=1, routed)           0.000    20.552    u_core/ex_stage_i/mul.mult_i/int_result_carry_i_3_n_0
    SLICE_X12Y23         CARRY4 (Prop_carry4_S[1]_CO[3])
                                                      0.533    21.085 r  u_core/ex_stage_i/mul.mult_i/int_result_carry/CO[3]
                         net (fo=1, routed)           0.000    21.085    u_core/ex_stage_i/mul.mult_i/int_result_carry_n_0
    SLICE_X12Y24         CARRY4 (Prop_carry4_CI_O[0])
                                                      0.219    21.304 r  u_core/ex_stage_i/mul.mult_i/int_result_carry__0/O[0]
                         net (fo=2, routed)           0.497    21.800    u_core/ex_stage_i/mul.mult_i/int_result__3[20]
    SLICE_X15Y24         LUT2 (Prop_lut2_I0_O)        0.295    22.095 r  u_core/ex_stage_i/mul.mult_i/result_carry__4_i_4/O
                         net (fo=1, routed)           0.000    22.095    u_core/ex_stage_i/mul.mult_i/result_carry__4_i_4_n_0
    SLICE_X15Y24         CARRY4 (Prop_carry4_S[0]_CO[3])
                                                      0.532    22.627 r  u_core/ex_stage_i/mul.mult_i/result_carry__4/CO[3]
                         net (fo=1, routed)           0.009    22.636    u_core/ex_stage_i/mul.mult_i/result_carry__4_n_0
    SLICE_X15Y25         CARRY4 (Prop_carry4_CI_CO[3])
                                                      0.114    22.750 r  u_core/ex_stage_i/mul.mult_i/result_carry__5/CO[3]
                         net (fo=1, routed)           0.000    22.750    u_core/ex_stage_i/mul.mult_i/result_carry__5_n_0
    SLICE_X15Y26         CARRY4 (Prop_carry4_CI_O[0])
                                                      0.222    22.972 r  u_core/ex_stage_i/mul.mult_i/result_carry__6/O[0]
                         net (fo=4, routed)           0.781    23.753    u_core/id_stage_i/mul_result[28]
    SLICE_X29Y23         LUT6 (Prop_lut6_I2_O)        0.299    24.052 r  u_core/id_stage_i/id_ex_pipe_o[muldiv_operand_a][28]_i_3/O
                         net (fo=2, routed)           0.566    24.618    u_core/id_stage_i/id_ex_pipe_o_reg[alu_en]_2
    SLICE_X29Y20         LUT6 (Prop_lut6_I2_O)        0.124    24.742 r  u_core/id_stage_i/id_ex_pipe_o[muldiv_operand_b][28]_i_1/O
                         net (fo=3, routed)           0.580    25.322    u_core/if_stage_i/D[3]
    SLICE_X35Y21         LUT3 (Prop_lut3_I2_O)        0.124    25.446 r  u_core/if_stage_i/id_ex_pipe_o[operand_c][28]_i_1/O
                         net (fo=1, routed)           0.000    25.446    u_core/id_stage_i/id_ex_pipe_o_reg[operand_c][30]_0[0]
    SLICE_X35Y21         FDCE                                         r  u_core/id_stage_i/id_ex_pipe_o_reg[operand_c][28]/D
  -------------------------------------------------------------------    -------------------

                         (clock sys_clk rise edge)   20.000    20.000 r  
    N15                                               0.000    20.000 r  clk_i (IN)
                         net (fo=0)                   0.000    20.000    clk_i
    N15                  IBUF (Prop_ibuf_I_O)         0.828    20.828 r  clk_i_IBUF_inst/O
                         net (fo=1, routed)           1.868    22.696    clk_i_IBUF
    BUFGCTRL_X0Y0        BUFG (Prop_bufg_I_O)         0.091    22.787 r  clk_i_IBUF_BUFG_inst/O
                         net (fo=2478, routed)        1.432    24.220    u_core/id_stage_i/clk_i_IBUF_BUFG
    SLICE_X35Y21         FDCE                                         r  u_core/id_stage_i/id_ex_pipe_o_reg[operand_c][28]/C
                         clock pessimism              0.000    24.220    
                         clock uncertainty           -0.035    24.184    
    SLICE_X35Y21         FDCE (Setup_fdce_C_D)        0.029    24.213    u_core/id_stage_i/id_ex_pipe_o_reg[operand_c][28]
  -------------------------------------------------------------------
                         required time                         24.213    
                         arrival time                         -25.446    
  -------------------------------------------------------------------
                         slack                                 -1.233    

Slack (VIOLATED) :        -1.204ns  (required time - arrival time)
  Source:                 debug_req_i
                            (input port clocked by sys_clk  {rise@0.000ns fall@10.000ns period=20.000ns})
  Destination:            u_core/ex_stage_i/ex_wb_pipe_o_reg[rf_wdata][29]/D
                            (rising edge-triggered cell FDCE clocked by sys_clk  {rise@0.000ns fall@10.000ns period=20.000ns})
  Path Group:             sys_clk
  Path Type:              Setup (Max at Slow Process Corner)
  Requirement:            20.000ns  (sys_clk rise@20.000ns - sys_clk rise@0.000ns)
  Data Path Delay:        20.333ns  (logic 9.783ns (48.112%)  route 10.551ns (51.888%))
  Logic Levels:           19  (CARRY4=5 DSP48E1=2 IBUF=1 LUT2=2 LUT3=1 LUT4=1 LUT5=1 LUT6=6)
  Input Delay:            5.000ns
  Clock Path Skew:        4.232ns (DCD - SCD + CPR)
    Destination Clock Delay (DCD):    4.232ns = ( 24.232 - 20.000 ) 
    Source Clock Delay      (SCD):    0.000ns
    Clock Pessimism Removal (CPR):    0.000ns
  Clock Uncertainty:      0.035ns  ((TSJ^2 + TIJ^2)^1/2 + DJ) / 2 + PE
    Total System Jitter     (TSJ):    0.071ns
    Total Input Jitter      (TIJ):    0.000ns
    Discrete Jitter          (DJ):    0.000ns
    Phase Error              (PE):    0.000ns

    Location             Delay type                Incr(ns)  Path(ns)    Netlist Resource(s)
  -------------------------------------------------------------------    -------------------
                         (clock sys_clk rise edge)    0.000     0.000 r  
                         input delay                  5.000     5.000    
    U16                                               0.000     5.000 r  debug_req_i (IN)
                         net (fo=0)                   0.000     5.000    debug_req_i
    U16                  IBUF (Prop_ibuf_I_O)         0.968     5.968 r  debug_req_i_IBUF_inst/O
                         net (fo=8, routed)           2.132     8.099    u_core/controller_i/controller_fsm_i/debug_req_i_IBUF
    SLICE_X1Y13          LUT3 (Prop_lut3_I2_O)        0.124     8.223 r  u_core/controller_i/controller_fsm_i/core_sleep_o_OBUF_inst_i_3/O
                         net (fo=3, routed)           0.580     8.803    u_core/controller_i/controller_fsm_i/pending_async_debug__1
    SLICE_X3Y13          LUT6 (Prop_lut6_I0_O)        0.124     8.927 r  u_core/controller_i/controller_fsm_i/genblk5[6].hpm_event_flop.hpm_events[6]_i_3/O
                         net (fo=16, routed)          0.508     9.435    u_core/ex_stage_i/mul.mult_i/ctrl_fsm_o1125_out__4
    SLICE_X5Y14          LUT6 (Prop_lut6_I4_O)        0.124     9.559 f  u_core/ex_stage_i/mul.mult_i/csr_flush_ack_q_i_3/O
                         net (fo=4, routed)           0.826    10.385    u_core/ex_stage_i/mul.mult_i/ex_wb_pipe_o_reg[sys_wfi_insn]
    SLICE_X5Y13          LUT6 (Prop_lut6_I2_O)        0.124    10.509 f  u_core/ex_stage_i/mul.mult_i/mulh_state[1]_i_11/O
                         net (fo=2, routed)           0.455    10.964    u_core/ex_stage_i/mul.mult_i/ex_wb_pipe_o_reg[instr_valid]
    SLICE_X5Y11          LUT6 (Prop_lut6_I5_O)        0.124    11.088 f  u_core/ex_stage_i/mul.mult_i/mulh_state[1]_i_6/O
                         net (fo=1, routed)           0.411    11.498    u_core/ex_stage_i/mul.mult_i/csr_irq_enable_write
    SLICE_X3Y10          LUT6 (Prop_lut6_I2_O)        0.124    11.622 f  u_core/ex_stage_i/mul.mult_i/mulh_state[1]_i_4/O
                         net (fo=10, routed)          0.451    12.074    u_core/id_stage_i/ctrl_fsm[halt_ex]
    SLICE_X7Y10          LUT4 (Prop_lut4_I3_O)        0.124    12.198 r  u_core/id_stage_i/int_result_i_33/O
                         net (fo=66, routed)          1.015    13.213    u_core/id_stage_i/int_result_i_33_n_0
    SLICE_X11Y18         LUT5 (Prop_lut5_I1_O)        0.124    13.337 r  u_core/id_stage_i/int_result_i_20/O
                         net (fo=2, routed)           0.829    14.166    u_core/ex_stage_i/mul.mult_i/op_b[12]
    DSP48_X0Y9           DSP48E1 (Prop_dsp48e1_B[12]_PCOUT[47])
                                                      3.851    18.017 r  u_core/ex_stage_i/mul.mult_i/int_result__0/PCOUT[47]
                         net (fo=1, routed)           0.056    18.073    u_core/ex_stage_i/mul.mult_i/int_result__0_n_106
    DSP48_X0Y10          DSP48E1 (Prop_dsp48e1_PCIN[47]_P[0])
                                                      1.518    19.591 r  u_core/ex_stage_i/mul.mult_i/int_result__1/P[0]
                         net (fo=2, routed)           0.837    20.428    u_core/ex_stage_i/mul.mult_i/int_result__1_n_105
    SLICE_X12Y23         LUT2 (Prop_lut2_I0_O)        0.124    20.552 r  u_core/ex_stage_i/mul.mult_i/int_result_carry_i_3/O
                         net (fo=1, routed)           0.000    20.552    u_core/ex_stage_i/mul.mult_i/int_result_carry_i_3_n_0
    SLICE_X12Y23         CARRY4 (Prop_carry4_S[1]_CO[3])
                                                      0.533    21.085 r  u_core/ex_stage_i/mul.mult_i/int_result_carry/CO[3]
                         net (fo=1, routed)           0.000    21.085    u_core/ex_stage_i/mul.mult_i/int_result_carry_n_0
    SLICE_X12Y24         CARRY4 (Prop_carry4_CI_O[0])
                                                      0.219    21.304 r  u_core/ex_stage_i/mul.mult_i/int_result_carry__0/O[0]
                         net (fo=2, routed)           0.497    21.800    u_core/ex_stage_i/mul.mult_i/int_result__3[20]
    SLICE_X15Y24         LUT2 (Prop_lut2_I0_O)        0.295    22.095 r  u_core/ex_stage_i/mul.mult_i/result_carry__4_i_4/O
                         net (fo=1, routed)           0.000    22.095    u_core/ex_stage_i/mul.mult_i/result_carry__4_i_4_n_0
    SLICE_X15Y24         CARRY4 (Prop_carry4_S[0]_CO[3])
                                                      0.532    22.627 r  u_core/ex_stage_i/mul.mult_i/result_carry__4/CO[3]
                         net (fo=1, routed)           0.009    22.636    u_core/ex_stage_i/mul.mult_i/result_carry__4_n_0
    SLICE_X15Y25         CARRY4 (Prop_carry4_CI_CO[3])
                                                      0.114    22.750 r  u_core/ex_stage_i/mul.mult_i/result_carry__5/CO[3]
                         net (fo=1, routed)           0.000    22.750    u_core/ex_stage_i/mul.mult_i/result_carry__5_n_0
    SLICE_X15Y26         CARRY4 (Prop_carry4_CI_O[1])
                                                      0.334    23.084 r  u_core/ex_stage_i/mul.mult_i/result_carry__6/O[1]
                         net (fo=4, routed)           1.100    24.184    u_core/id_stage_i/mul_result[29]
    SLICE_X14Y15         LUT6 (Prop_lut6_I3_O)        0.303    24.487 r  u_core/id_stage_i/ex_wb_pipe_o[rf_wdata][29]_i_1/O
                         net (fo=2, routed)           0.846    25.333    u_core/ex_stage_i/rf_wdata_ex[29]
    SLICE_X15Y15         FDCE                                         r  u_core/ex_stage_i/ex_wb_pipe_o_reg[rf_wdata][29]/D
  -------------------------------------------------------------------    -------------------

                         (clock sys_clk rise edge)   20.000    20.000 r  
    N15                                               0.000    20.000 r  clk_i (IN)
                         net (fo=0)                   0.000    20.000    clk_i
    N15                  IBUF (Prop_ibuf_I_O)         0.828    20.828 r  clk_i_IBUF_inst/O
                         net (fo=1, routed)           1.868    22.696    clk_i_IBUF
    BUFGCTRL_X0Y0        BUFG (Prop_bufg_I_O)         0.091    22.787 r  clk_i_IBUF_BUFG_inst/O
                         net (fo=2478, routed)        1.444    24.232    u_core/ex_stage_i/clk_i_IBUF_BUFG
    SLICE_X15Y15         FDCE                                         r  u_core/ex_stage_i/ex_wb_pipe_o_reg[rf_wdata][29]/C
                         clock pessimism              0.000    24.232    
                         clock uncertainty           -0.035    24.196    
    SLICE_X15Y15         FDCE (Setup_fdce_C_D)       -0.067    24.129    u_core/ex_stage_i/ex_wb_pipe_o_reg[rf_wdata][29]
  -------------------------------------------------------------------
                         required time                         24.129    
                         arrival time                         -25.333    
  -------------------------------------------------------------------
                         slack                                 -1.204    

Slack (VIOLATED) :        -1.133ns  (required time - arrival time)
  Source:                 debug_req_i
                            (input port clocked by sys_clk  {rise@0.000ns fall@10.000ns period=20.000ns})
  Destination:            u_core/ex_stage_i/ex_wb_pipe_o_reg[rf_wdata][25]/D
                            (rising edge-triggered cell FDCE clocked by sys_clk  {rise@0.000ns fall@10.000ns period=20.000ns})
  Path Group:             sys_clk
  Path Type:              Setup (Max at Slow Process Corner)
  Requirement:            20.000ns  (sys_clk rise@20.000ns - sys_clk rise@0.000ns)
  Data Path Delay:        20.258ns  (logic 9.793ns (48.339%)  route 10.466ns (51.661%))
  Logic Levels:           19  (CARRY4=4 DSP48E1=2 IBUF=1 LUT2=2 LUT3=1 LUT4=1 LUT5=1 LUT6=7)
  Input Delay:            5.000ns
  Clock Path Skew:        4.228ns (DCD - SCD + CPR)
    Destination Clock Delay (DCD):    4.228ns = ( 24.228 - 20.000 ) 
    Source Clock Delay      (SCD):    0.000ns
    Clock Pessimism Removal (CPR):    0.000ns
  Clock Uncertainty:      0.035ns  ((TSJ^2 + TIJ^2)^1/2 + DJ) / 2 + PE
    Total System Jitter     (TSJ):    0.071ns
    Total Input Jitter      (TIJ):    0.000ns
    Discrete Jitter          (DJ):    0.000ns
    Phase Error              (PE):    0.000ns

    Location             Delay type                Incr(ns)  Path(ns)    Netlist Resource(s)
  -------------------------------------------------------------------    -------------------
                         (clock sys_clk rise edge)    0.000     0.000 r  
                         input delay                  5.000     5.000    
    U16                                               0.000     5.000 r  debug_req_i (IN)
                         net (fo=0)                   0.000     5.000    debug_req_i
    U16                  IBUF (Prop_ibuf_I_O)         0.968     5.968 r  debug_req_i_IBUF_inst/O
                         net (fo=8, routed)           2.132     8.099    u_core/controller_i/controller_fsm_i/debug_req_i_IBUF
    SLICE_X1Y13          LUT3 (Prop_lut3_I2_O)        0.124     8.223 r  u_core/controller_i/controller_fsm_i/core_sleep_o_OBUF_inst_i_3/O
                         net (fo=3, routed)           0.580     8.803    u_core/controller_i/controller_fsm_i/pending_async_debug__1
    SLICE_X3Y13          LUT6 (Prop_lut6_I0_O)        0.124     8.927 r  u_core/controller_i/controller_fsm_i/genblk5[6].hpm_event_flop.hpm_events[6]_i_3/O
                         net (fo=16, routed)          0.508     9.435    u_core/ex_stage_i/mul.mult_i/ctrl_fsm_o1125_out__4
    SLICE_X5Y14          LUT6 (Prop_lut6_I4_O)        0.124     9.559 f  u_core/ex_stage_i/mul.mult_i/csr_flush_ack_q_i_3/O
                         net (fo=4, routed)           0.826    10.385    u_core/ex_stage_i/mul.mult_i/ex_wb_pipe_o_reg[sys_wfi_insn]
    SLICE_X5Y13          LUT6 (Prop_lut6_I2_O)        0.124    10.509 f  u_core/ex_stage_i/mul.mult_i/mulh_state[1]_i_11/O
                         net (fo=2, routed)           0.455    10.964    u_core/ex_stage_i/mul.mult_i/ex_wb_pipe_o_reg[instr_valid]
    SLICE_X5Y11          LUT6 (Prop_lut6_I5_O)        0.124    11.088 f  u_core/ex_stage_i/mul.mult_i/mulh_state[1]_i_6/O
                         net (fo=1, routed)           0.411    11.498    u_core/ex_stage_i/mul.mult_i/csr_irq_enable_write
    SLICE_X3Y10          LUT6 (Prop_lut6_I2_O)        0.124    11.622 f  u_core/ex_stage_i/mul.mult_i/mulh_state[1]_i_4/O
                         net (fo=10, routed)          0.451    12.074    u_core/id_stage_i/ctrl_fsm[halt_ex]
    SLICE_X7Y10          LUT4 (Prop_lut4_I3_O)        0.124    12.198 r  u_core/id_stage_i/int_result_i_33/O
                         net (fo=66, routed)          1.015    13.213    u_core/id_stage_i/int_result_i_33_n_0
    SLICE_X11Y18         LUT5 (Prop_lut5_I1_O)        0.124    13.337 r  u_core/id_stage_i/int_result_i_20/O
                         net (fo=2, routed)           0.829    14.166    u_core/ex_stage_i/mul.mult_i/op_b[12]
    DSP48_X0Y9           DSP48E1 (Prop_dsp48e1_B[12]_PCOUT[47])
                                                      3.851    18.017 r  u_core/ex_stage_i/mul.mult_i/int_result__0/PCOUT[47]
                         net (fo=1, routed)           0.056    18.073    u_core/ex_stage_i/mul.mult_i/int_result__0_n_106
    DSP48_X0Y10          DSP48E1 (Prop_dsp48e1_PCIN[47]_P[0])
                                                      1.518    19.591 r  u_core/ex_stage_i/mul.mult_i/int_result__1/P[0]
                         net (fo=2, routed)           0.837    20.428    u_core/ex_stage_i/mul.mult_i/int_result__1_n_105
    SLICE_X12Y23         LUT2 (Prop_lut2_I0_O)        0.124    20.552 r  u_core/ex_stage_i/mul.mult_i/int_result_carry_i_3/O
                         net (fo=1, routed)           0.000    20.552    u_core/ex_stage_i/mul.mult_i/int_result_carry_i_3_n_0
    SLICE_X12Y23         CARRY4 (Prop_carry4_S[1]_CO[3])
                                                      0.533    21.085 r  u_core/ex_stage_i/mul.mult_i/int_result_carry/CO[3]
                         net (fo=1, routed)           0.000    21.085    u_core/ex_stage_i/mul.mult_i/int_result_carry_n_0
    SLICE_X12Y24         CARRY4 (Prop_carry4_CI_O[0])
                                                      0.219    21.304 r  u_core/ex_stage_i/mul.mult_i/int_result_carry__0/O[0]
                         net (fo=2, routed)           0.497    21.800    u_core/ex_stage_i/mul.mult_i/int_result__3[20]
    SLICE_X15Y24         LUT2 (Prop_lut2_I0_O)        0.295    22.095 r  u_core/ex_stage_i/mul.mult_i/result_carry__4_i_4/O
                         net (fo=1, routed)           0.000    22.095    u_core/ex_stage_i/mul.mult_i/result_carry__4_i_4_n_0
    SLICE_X15Y24         CARRY4 (Prop_carry4_S[0]_CO[3])
                                                      0.532    22.627 r  u_core/ex_stage_i/mul.mult_i/result_carry__4/CO[3]
                         net (fo=1, routed)           0.009    22.636    u_core/ex_stage_i/mul.mult_i/result_carry__4_n_0
    SLICE_X15Y25         CARRY4 (Prop_carry4_CI_O[1])
                                                      0.334    22.970 r  u_core/ex_stage_i/mul.mult_i/result_carry__5/O[1]
                         net (fo=3, routed)           0.611    23.581    u_core/id_stage_i/mul_result[25]
    SLICE_X13Y22         LUT6 (Prop_lut6_I2_O)        0.303    23.884 r  u_core/id_stage_i/ex_wb_pipe_o[rf_wdata][25]_i_4/O
                         net (fo=1, routed)           0.431    24.314    u_core/id_stage_i/ex_wb_pipe_o[rf_wdata][25]_i_4_n_0
    SLICE_X13Y21         LUT6 (Prop_lut6_I5_O)        0.124    24.438 r  u_core/id_stage_i/ex_wb_pipe_o[rf_wdata][25]_i_1/O
                         net (fo=6, routed)           0.820    25.258    u_core/ex_stage_i/rf_wdata_ex[25]
    SLICE_X15Y18         FDCE                                         r  u_core/ex_stage_i/ex_wb_pipe_o_reg[rf_wdata][25]/D
  -------------------------------------------------------------------    -------------------

                         (clock sys_clk rise edge)   20.000    20.000 r  
    N15                                               0.000    20.000 r  clk_i (IN)
                         net (fo=0)                   0.000    20.000    clk_i
    N15                  IBUF (Prop_ibuf_I_O)         0.828    20.828 r  clk_i_IBUF_inst/O
                         net (fo=1, routed)           1.868    22.696    clk_i_IBUF
    BUFGCTRL_X0Y0        BUFG (Prop_bufg_I_O)         0.091    22.787 r  clk_i_IBUF_BUFG_inst/O
                         net (fo=2478, routed)        1.440    24.228    u_core/ex_stage_i/clk_i_IBUF_BUFG
    SLICE_X15Y18         FDCE                                         r  u_core/ex_stage_i/ex_wb_pipe_o_reg[rf_wdata][25]/C
                         clock pessimism              0.000    24.228    
                         clock uncertainty           -0.035    24.192    
    SLICE_X15Y18         FDCE (Setup_fdce_C_D)       -0.067    24.125    u_core/ex_stage_i/ex_wb_pipe_o_reg[rf_wdata][25]
  -------------------------------------------------------------------
                         required time                         24.125    
                         arrival time                         -25.258    
  -------------------------------------------------------------------
                         slack                                 -1.133    

Slack (VIOLATED) :        -1.112ns  (required time - arrival time)
  Source:                 debug_req_i
                            (input port clocked by sys_clk  {rise@0.000ns fall@10.000ns period=20.000ns})
  Destination:            u_core/id_stage_i/id_ex_pipe_o_reg[alu_operand_b][30]/D
                            (rising edge-triggered cell FDCE clocked by sys_clk  {rise@0.000ns fall@10.000ns period=20.000ns})
  Path Group:             sys_clk
  Path Type:              Setup (Max at Slow Process Corner)
  Requirement:            20.000ns  (sys_clk rise@20.000ns - sys_clk rise@0.000ns)
  Data Path Delay:        20.386ns  (logic 9.935ns (48.732%)  route 10.452ns (51.268%))
  Logic Levels:           21  (CARRY4=5 DSP48E1=2 IBUF=1 LUT2=2 LUT3=1 LUT4=1 LUT5=1 LUT6=8)
  Input Delay:            5.000ns
  Clock Path Skew:        4.231ns (DCD - SCD + CPR)
    Destination Clock Delay (DCD):    4.231ns = ( 24.231 - 20.000 ) 
    Source Clock Delay      (SCD):    0.000ns
    Clock Pessimism Removal (CPR):    0.000ns
  Clock Uncertainty:      0.035ns  ((TSJ^2 + TIJ^2)^1/2 + DJ) / 2 + PE
    Total System Jitter     (TSJ):    0.071ns
    Total Input Jitter      (TIJ):    0.000ns
    Discrete Jitter          (DJ):    0.000ns
    Phase Error              (PE):    0.000ns

    Location             Delay type                Incr(ns)  Path(ns)    Netlist Resource(s)
  -------------------------------------------------------------------    -------------------
                         (clock sys_clk rise edge)    0.000     0.000 r  
                         input delay                  5.000     5.000    
    U16                                               0.000     5.000 r  debug_req_i (IN)
                         net (fo=0)                   0.000     5.000    debug_req_i
    U16                  IBUF (Prop_ibuf_I_O)         0.968     5.968 r  debug_req_i_IBUF_inst/O
                         net (fo=8, routed)           2.132     8.099    u_core/controller_i/controller_fsm_i/debug_req_i_IBUF
    SLICE_X1Y13          LUT3 (Prop_lut3_I2_O)        0.124     8.223 r  u_core/controller_i/controller_fsm_i/core_sleep_o_OBUF_inst_i_3/O
                         net (fo=3, routed)           0.580     8.803    u_core/controller_i/controller_fsm_i/pending_async_debug__1
    SLICE_X3Y13          LUT6 (Prop_lut6_I0_O)        0.124     8.927 r  u_core/controller_i/controller_fsm_i/genblk5[6].hpm_event_flop.hpm_events[6]_i_3/O
                         net (fo=16, routed)          0.508     9.435    u_core/ex_stage_i/mul.mult_i/ctrl_fsm_o1125_out__4
    SLICE_X5Y14          LUT6 (Prop_lut6_I4_O)        0.124     9.559 f  u_core/ex_stage_i/mul.mult_i/csr_flush_ack_q_i_3/O
                         net (fo=4, routed)           0.826    10.385    u_core/ex_stage_i/mul.mult_i/ex_wb_pipe_o_reg[sys_wfi_insn]
    SLICE_X5Y13          LUT6 (Prop_lut6_I2_O)        0.124    10.509 f  u_core/ex_stage_i/mul.mult_i/mulh_state[1]_i_11/O
                         net (fo=2, routed)           0.455    10.964    u_core/ex_stage_i/mul.mult_i/ex_wb_pipe_o_reg[instr_valid]
    SLICE_X5Y11          LUT6 (Prop_lut6_I5_O)        0.124    11.088 f  u_core/ex_stage_i/mul.mult_i/mulh_state[1]_i_6/O
                         net (fo=1, routed)           0.411    11.498    u_core/ex_stage_i/mul.mult_i/csr_irq_enable_write
    SLICE_X3Y10          LUT6 (Prop_lut6_I2_O)        0.124    11.622 f  u_core/ex_stage_i/mul.mult_i/mulh_state[1]_i_4/O
                         net (fo=10, routed)          0.451    12.074    u_core/id_stage_i/ctrl_fsm[halt_ex]
    SLICE_X7Y10          LUT4 (Prop_lut4_I3_O)        0.124    12.198 r  u_core/id_stage_i/int_result_i_33/O
                         net (fo=66, routed)          1.015    13.213    u_core/id_stage_i/int_result_i_33_n_0
    SLICE_X11Y18         LUT5 (Prop_lut5_I1_O)        0.124    13.337 r  u_core/id_stage_i/int_result_i_20/O
                         net (fo=2, routed)           0.829    14.166    u_core/ex_stage_i/mul.mult_i/op_b[12]
    DSP48_X0Y9           DSP48E1 (Prop_dsp48e1_B[12]_PCOUT[47])
                                                      3.851    18.017 r  u_core/ex_stage_i/mul.mult_i/int_result__0/PCOUT[47]
                         net (fo=1, routed)           0.056    18.073    u_core/ex_stage_i/mul.mult_i/int_result__0_n_106
    DSP48_X0Y10          DSP48E1 (Prop_dsp48e1_PCIN[47]_P[0])
                                                      1.518    19.591 r  u_core/ex_stage_i/mul.mult_i/int_result__1/P[0]
                         net (fo=2, routed)           0.837    20.428    u_core/ex_stage_i/mul.mult_i/int_result__1_n_105
    SLICE_X12Y23         LUT2 (Prop_lut2_I0_O)        0.124    20.552 r  u_core/ex_stage_i/mul.mult_i/int_result_carry_i_3/O
                         net (fo=1, routed)           0.000    20.552    u_core/ex_stage_i/mul.mult_i/int_result_carry_i_3_n_0
    SLICE_X12Y23         CARRY4 (Prop_carry4_S[1]_CO[3])
                                                      0.533    21.085 r  u_core/ex_stage_i/mul.mult_i/int_result_carry/CO[3]
                         net (fo=1, routed)           0.000    21.085    u_core/ex_stage_i/mul.mult_i/int_result_carry_n_0
    SLICE_X12Y24         CARRY4 (Prop_carry4_CI_O[0])
                                                      0.219    21.304 r  u_core/ex_stage_i/mul.mult_i/int_result_carry__0/O[0]
                         net (fo=2, routed)           0.497    21.800    u_core/ex_stage_i/mul.mult_i/int_result__3[20]
    SLICE_X15Y24         LUT2 (Prop_lut2_I0_O)        0.295    22.095 r  u_core/ex_stage_i/mul.mult_i/result_carry__4_i_4/O
                         net (fo=1, routed)           0.000    22.095    u_core/ex_stage_i/mul.mult_i/result_carry__4_i_4_n_0
    SLICE_X15Y24         CARRY4 (Prop_carry4_S[0]_CO[3])
                                                      0.532    22.627 r  u_core/ex_stage_i/mul.mult_i/result_carry__4/CO[3]
                         net (fo=1, routed)           0.009    22.636    u_core/ex_stage_i/mul.mult_i/result_carry__4_n_0
    SLICE_X15Y25         CARRY4 (Prop_carry4_CI_CO[3])
                                                      0.114    22.750 r  u_core/ex_stage_i/mul.mult_i/result_carry__5/CO[3]
                         net (fo=1, routed)           0.000    22.750    u_core/ex_stage_i/mul.mult_i/result_carry__5_n_0
    SLICE_X15Y26         CARRY4 (Prop_carry4_CI_O[2])
                                                      0.239    22.989 r  u_core/ex_stage_i/mul.mult_i/result_carry__6/O[2]
                         net (fo=3, routed)           0.651    23.640    u_core/id_stage_i/mul_result[30]
    SLICE_X14Y22         LUT6 (Prop_lut6_I2_O)        0.302    23.942 r  u_core/id_stage_i/id_ex_pipe_o[muldiv_operand_a][30]_i_3/O
                         net (fo=3, routed)           0.602    24.544    u_core/id_stage_i/id_ex_pipe_o_reg[alu_en]_4
    SLICE_X14Y19         LUT6 (Prop_lut6_I2_O)        0.124    24.668 r  u_core/id_stage_i/id_ex_pipe_o[muldiv_operand_b][30]_i_1/O
                         net (fo=3, routed)           0.595    25.262    u_core/if_stage_i/D[5]
    SLICE_X12Y16         LUT6 (Prop_lut6_I5_O)        0.124    25.386 r  u_core/if_stage_i/id_ex_pipe_o[alu_operand_b][30]_i_1/O
                         net (fo=1, routed)           0.000    25.386    u_core/id_stage_i/id_ex_pipe_o_reg[alu_operand_b][30]_0[5]
    SLICE_X12Y16         FDCE                                         r  u_core/id_stage_i/id_ex_pipe_o_reg[alu_operand_b][30]/D
  -------------------------------------------------------------------    -------------------

                         (clock sys_clk rise edge)   20.000    20.000 r  
    N15                                               0.000    20.000 r  clk_i (IN)
                         net (fo=0)                   0.000    20.000    clk_i
    N15                  IBUF (Prop_ibuf_I_O)         0.828    20.828 r  clk_i_IBUF_inst/O
                         net (fo=1, routed)           1.868    22.696    clk_i_IBUF
    BUFGCTRL_X0Y0        BUFG (Prop_bufg_I_O)         0.091    22.787 r  clk_i_IBUF_BUFG_inst/O
                         net (fo=2478, routed)        1.443    24.231    u_core/id_stage_i/clk_i_IBUF_BUFG
    SLICE_X12Y16         FDCE                                         r  u_core/id_stage_i/id_ex_pipe_o_reg[alu_operand_b][30]/C
                         clock pessimism              0.000    24.231    
                         clock uncertainty           -0.035    24.195    
    SLICE_X12Y16         FDCE (Setup_fdce_C_D)        0.079    24.274    u_core/id_stage_i/id_ex_pipe_o_reg[alu_operand_b][30]
  -------------------------------------------------------------------
                         required time                         24.274    
                         arrival time                         -25.386    
  -------------------------------------------------------------------
                         slack                                 -1.112    





Min Delay Paths
--------------------------------------------------------------------------------------
Slack (MET) :             0.114ns  (arrival time - required time)
  Source:                 u_core/if_stage_i/if_id_pipe_o_reg[pc][29]/C
                            (rising edge-triggered cell FDCE clocked by sys_clk  {rise@0.000ns fall@10.000ns period=20.000ns})
  Destination:            u_core/id_stage_i/id_ex_pipe_o_reg[pc][29]/D
                            (rising edge-triggered cell FDCE clocked by sys_clk  {rise@0.000ns fall@10.000ns period=20.000ns})
  Path Group:             sys_clk
  Path Type:              Hold (Min at Fast Process Corner)
  Requirement:            0.000ns  (sys_clk rise@0.000ns - sys_clk rise@0.000ns)
  Data Path Delay:        0.457ns  (logic 0.164ns (35.857%)  route 0.293ns (64.143%))
  Logic Levels:           0  
  Clock Path Skew:        0.265ns (DCD - SCD - CPR)
    Destination Clock Delay (DCD):    1.922ns
    Source Clock Delay      (SCD):    1.405ns
    Clock Pessimism Removal (CPR):    0.251ns

    Location             Delay type                Incr(ns)  Path(ns)    Netlist Resource(s)
  -------------------------------------------------------------------    -------------------
                         (clock sys_clk rise edge)    0.000     0.000 r  
    N15                                               0.000     0.000 r  clk_i (IN)
                         net (fo=0)                   0.000     0.000    clk_i
    N15                  IBUF (Prop_ibuf_I_O)         0.191     0.191 r  clk_i_IBUF_inst/O
                         net (fo=1, routed)           0.634     0.825    clk_i_IBUF
    BUFGCTRL_X0Y0        BUFG (Prop_bufg_I_O)         0.026     0.851 r  clk_i_IBUF_BUFG_inst/O
                         net (fo=2478, routed)        0.555     1.405    u_core/if_stage_i/clk_i_IBUF_BUFG
    SLICE_X34Y31         FDCE                                         r  u_core/if_stage_i/if_id_pipe_o_reg[pc][29]/C
  -------------------------------------------------------------------    -------------------
    SLICE_X34Y31         FDCE (Prop_fdce_C_Q)         0.164     1.569 r  u_core/if_stage_i/if_id_pipe_o_reg[pc][29]/Q
                         net (fo=4, routed)           0.293     1.863    u_core/id_stage_i/id_ex_pipe_o_reg[pc][31]_1[28]
    SLICE_X39Y33         FDCE                                         r  u_core/id_stage_i/id_ex_pipe_o_reg[pc][29]/D
  -------------------------------------------------------------------    -------------------

                         (clock sys_clk rise edge)    0.000     0.000 r  
    N15                                               0.000     0.000 r  clk_i (IN)
                         net (fo=0)                   0.000     0.000    clk_i
    N15                  IBUF (Prop_ibuf_I_O)         0.380     0.380 r  clk_i_IBUF_inst/O
                         net (fo=1, routed)           0.689     1.068    clk_i_IBUF
    BUFGCTRL_X0Y0        BUFG (Prop_bufg_I_O)         0.029     1.097 r  clk_i_IBUF_BUFG_inst/O
                         net (fo=2478, routed)        0.825     1.922    u_core/id_stage_i/clk_i_IBUF_BUFG
    SLICE_X39Y33         FDCE                                         r  u_core/id_stage_i/id_ex_pipe_o_reg[pc][29]/C
                         clock pessimism             -0.251     1.670    
    SLICE_X39Y33         FDCE (Hold_fdce_C_D)         0.078     1.748    u_core/id_stage_i/id_ex_pipe_o_reg[pc][29]
  -------------------------------------------------------------------
                         required time                         -1.748    
                         arrival time                           1.863    
  -------------------------------------------------------------------
                         slack                                  0.114    

Slack (MET) :             0.118ns  (arrival time - required time)
  Source:                 u_core/if_stage_i/prefetch_unit_i/alignment_buffer_i/addr_q_reg[22]/C
                            (rising edge-triggered cell FDCE clocked by sys_clk  {rise@0.000ns fall@10.000ns period=20.000ns})
  Destination:            u_core/if_stage_i/if_id_pipe_o_reg[pc][22]/D
                            (rising edge-triggered cell FDCE clocked by sys_clk  {rise@0.000ns fall@10.000ns period=20.000ns})
  Path Group:             sys_clk
  Path Type:              Hold (Min at Fast Process Corner)
  Requirement:            0.000ns  (sys_clk rise@0.000ns - sys_clk rise@0.000ns)
  Data Path Delay:        0.444ns  (logic 0.141ns (31.726%)  route 0.303ns (68.274%))
  Logic Levels:           0  
  Clock Path Skew:        0.260ns (DCD - SCD - CPR)
    Destination Clock Delay (DCD):    1.920ns
    Source Clock Delay      (SCD):    1.408ns
    Clock Pessimism Removal (CPR):    0.251ns

    Location             Delay type                Incr(ns)  Path(ns)    Netlist Resource(s)
  -------------------------------------------------------------------    -------------------
                         (clock sys_clk rise edge)    0.000     0.000 r  
    N15                                               0.000     0.000 r  clk_i (IN)
                         net (fo=0)                   0.000     0.000    clk_i
    N15                  IBUF (Prop_ibuf_I_O)         0.191     0.191 r  clk_i_IBUF_inst/O
                         net (fo=1, routed)           0.634     0.825    clk_i_IBUF
    BUFGCTRL_X0Y0        BUFG (Prop_bufg_I_O)         0.026     0.851 r  clk_i_IBUF_BUFG_inst/O
                         net (fo=2478, routed)        0.558     1.408    u_core/if_stage_i/prefetch_unit_i/alignment_buffer_i/clk_i_IBUF_BUFG
    SLICE_X35Y35         FDCE                                         r  u_core/if_stage_i/prefetch_unit_i/alignment_buffer_i/addr_q_reg[22]/C
  -------------------------------------------------------------------    -------------------
    SLICE_X35Y35         FDCE (Prop_fdce_C_Q)         0.141     1.549 r  u_core/if_stage_i/prefetch_unit_i/alignment_buffer_i/addr_q_reg[22]/Q
                         net (fo=8, routed)           0.303     1.853    u_core/if_stage_i/pc_if[21]
    SLICE_X37Y31         FDCE                                         r  u_core/if_stage_i/if_id_pipe_o_reg[pc][22]/D
  -------------------------------------------------------------------    -------------------

                         (clock sys_clk rise edge)    0.000     0.000 r  
    N15                                               0.000     0.000 r  clk_i (IN)
                         net (fo=0)                   0.000     0.000    clk_i
    N15                  IBUF (Prop_ibuf_I_O)         0.380     0.380 r  clk_i_IBUF_inst/O
                         net (fo=1, routed)           0.689     1.068    clk_i_IBUF
    BUFGCTRL_X0Y0        BUFG (Prop_bufg_I_O)         0.029     1.097 r  clk_i_IBUF_BUFG_inst/O
                         net (fo=2478, routed)        0.823     1.920    u_core/if_stage_i/clk_i_IBUF_BUFG
    SLICE_X37Y31         FDCE                                         r  u_core/if_stage_i/if_id_pipe_o_reg[pc][22]/C
                         clock pessimism             -0.251     1.668    
    SLICE_X37Y31         FDCE (Hold_fdce_C_D)         0.066     1.734    u_core/if_stage_i/if_id_pipe_o_reg[pc][22]
  -------------------------------------------------------------------
                         required time                         -1.734    
                         arrival time                           1.853    
  -------------------------------------------------------------------
                         slack                                  0.118    

Slack (MET) :             0.137ns  (arrival time - required time)
  Source:                 u_core/if_stage_i/prefetch_unit_i/alignment_buffer_i/addr_q_reg[10]/C
                            (rising edge-triggered cell FDCE clocked by sys_clk  {rise@0.000ns fall@10.000ns period=20.000ns})
  Destination:            u_core/if_stage_i/if_id_pipe_o_reg[pc][10]/D
                            (rising edge-triggered cell FDCE clocked by sys_clk  {rise@0.000ns fall@10.000ns period=20.000ns})
  Path Group:             sys_clk
  Path Type:              Hold (Min at Fast Process Corner)
  Requirement:            0.000ns  (sys_clk rise@0.000ns - sys_clk rise@0.000ns)
  Data Path Delay:        0.471ns  (logic 0.141ns (29.950%)  route 0.330ns (70.050%))
  Logic Levels:           0  
  Clock Path Skew:        0.264ns (DCD - SCD - CPR)
    Destination Clock Delay (DCD):    1.916ns
    Source Clock Delay      (SCD):    1.400ns
    Clock Pessimism Removal (CPR):    0.251ns

    Location             Delay type                Incr(ns)  Path(ns)    Netlist Resource(s)
  -------------------------------------------------------------------    -------------------
                         (clock sys_clk rise edge)    0.000     0.000 r  
    N15                                               0.000     0.000 r  clk_i (IN)
                         net (fo=0)                   0.000     0.000    clk_i
    N15                  IBUF (Prop_ibuf_I_O)         0.191     0.191 r  clk_i_IBUF_inst/O
                         net (fo=1, routed)           0.634     0.825    clk_i_IBUF
    BUFGCTRL_X0Y0        BUFG (Prop_bufg_I_O)         0.026     0.851 r  clk_i_IBUF_BUFG_inst/O
                         net (fo=2478, routed)        0.550     1.400    u_core/if_stage_i/prefetch_unit_i/alignment_buffer_i/clk_i_IBUF_BUFG
    SLICE_X33Y25         FDCE                                         r  u_core/if_stage_i/prefetch_unit_i/alignment_buffer_i/addr_q_reg[10]/C
  -------------------------------------------------------------------    -------------------
    SLICE_X33Y25         FDCE (Prop_fdce_C_Q)         0.141     1.541 r  u_core/if_stage_i/prefetch_unit_i/alignment_buffer_i/addr_q_reg[10]/Q
                         net (fo=8, routed)           0.330     1.871    u_core/if_stage_i/pc_if[9]
    SLICE_X36Y22         FDCE                                         r  u_core/if_stage_i/if_id_pipe_o_reg[pc][10]/D
  -------------------------------------------------------------------    -------------------

                         (clock sys_clk rise edge)    0.000     0.000 r  
    N15                                               0.000     0.000 r  clk_i (IN)
                         net (fo=0)                   0.000     0.000    clk_i
    N15                  IBUF (Prop_ibuf_I_O)         0.380     0.380 r  clk_i_IBUF_inst/O
                         net (fo=1, routed)           0.689     1.068    clk_i_IBUF
    BUFGCTRL_X0Y0        BUFG (Prop_bufg_I_O)         0.029     1.097 r  clk_i_IBUF_BUFG_inst/O
                         net (fo=2478, routed)        0.819     1.916    u_core/if_stage_i/clk_i_IBUF_BUFG
    SLICE_X36Y22         FDCE                                         r  u_core/if_stage_i/if_id_pipe_o_reg[pc][10]/C
                         clock pessimism             -0.251     1.664    
    SLICE_X36Y22         FDCE (Hold_fdce_C_D)         0.070     1.734    u_core/if_stage_i/if_id_pipe_o_reg[pc][10]
  -------------------------------------------------------------------
                         required time                         -1.734    
                         arrival time                           1.871    
  -------------------------------------------------------------------
                         slack                                  0.137    

Slack (MET) :             0.149ns  (arrival time - required time)
  Source:                 u_core/if_stage_i/if_id_pipe_o_reg[pc][24]/C
                            (rising edge-triggered cell FDCE clocked by sys_clk  {rise@0.000ns fall@10.000ns period=20.000ns})
  Destination:            u_core/id_stage_i/id_ex_pipe_o_reg[pc][24]/D
                            (rising edge-triggered cell FDCE clocked by sys_clk  {rise@0.000ns fall@10.000ns period=20.000ns})
  Path Group:             sys_clk
  Path Type:              Hold (Min at Fast Process Corner)
  Requirement:            0.000ns  (sys_clk rise@0.000ns - sys_clk rise@0.000ns)
  Data Path Delay:        0.461ns  (logic 0.164ns (35.558%)  route 0.297ns (64.442%))
  Logic Levels:           0  
  Clock Path Skew:        0.265ns (DCD - SCD - CPR)
    Destination Clock Delay (DCD):    1.922ns
    Source Clock Delay      (SCD):    1.405ns
    Clock Pessimism Removal (CPR):    0.251ns

    Location             Delay type                Incr(ns)  Path(ns)    Netlist Resource(s)
  -------------------------------------------------------------------    -------------------
                         (clock sys_clk rise edge)    0.000     0.000 r  
    N15                                               0.000     0.000 r  clk_i (IN)
                         net (fo=0)                   0.000     0.000    clk_i
    N15                  IBUF (Prop_ibuf_I_O)         0.191     0.191 r  clk_i_IBUF_inst/O
                         net (fo=1, routed)           0.634     0.825    clk_i_IBUF
    BUFGCTRL_X0Y0        BUFG (Prop_bufg_I_O)         0.026     0.851 r  clk_i_IBUF_BUFG_inst/O
                         net (fo=2478, routed)        0.555     1.405    u_core/if_stage_i/clk_i_IBUF_BUFG
    SLICE_X34Y31         FDCE                                         r  u_core/if_stage_i/if_id_pipe_o_reg[pc][24]/C
  -------------------------------------------------------------------    -------------------
    SLICE_X34Y31         FDCE (Prop_fdce_C_Q)         0.164     1.569 r  u_core/if_stage_i/if_id_pipe_o_reg[pc][24]/Q
                         net (fo=4, routed)           0.297     1.867    u_core/id_stage_i/id_ex_pipe_o_reg[pc][31]_1[23]
    SLICE_X39Y33         FDCE                                         r  u_core/id_stage_i/id_ex_pipe_o_reg[pc][24]/D
  -------------------------------------------------------------------    -------------------

                         (clock sys_clk rise edge)    0.000     0.000 r  
    N15                                               0.000     0.000 r  clk_i (IN)
                         net (fo=0)                   0.000     0.000    clk_i
    N15                  IBUF (Prop_ibuf_I_O)         0.380     0.380 r  clk_i_IBUF_inst/O
                         net (fo=1, routed)           0.689     1.068    clk_i_IBUF
    BUFGCTRL_X0Y0        BUFG (Prop_bufg_I_O)         0.029     1.097 r  clk_i_IBUF_BUFG_inst/O
                         net (fo=2478, routed)        0.825     1.922    u_core/id_stage_i/clk_i_IBUF_BUFG
    SLICE_X39Y33         FDCE                                         r  u_core/id_stage_i/id_ex_pipe_o_reg[pc][24]/C
                         clock pessimism             -0.251     1.670    
    SLICE_X39Y33         FDCE (Hold_fdce_C_D)         0.047     1.717    u_core/id_stage_i/id_ex_pipe_o_reg[pc][24]
  -------------------------------------------------------------------
                         required time                         -1.717    
                         arrival time                           1.867    
  -------------------------------------------------------------------
                         slack                                  0.149    

Slack (MET) :             0.156ns  (arrival time - required time)
  Source:                 u_core/ex_stage_i/div.div_i/divisor_q_reg[30]/C
                            (rising edge-triggered cell FDCE clocked by sys_clk  {rise@0.000ns fall@10.000ns period=20.000ns})
  Destination:            u_core/ex_stage_i/div.div_i/divisor_q_reg[29]/D
                            (rising edge-triggered cell FDCE clocked by sys_clk  {rise@0.000ns fall@10.000ns period=20.000ns})
  Path Group:             sys_clk
  Path Type:              Hold (Min at Fast Process Corner)
  Requirement:            0.000ns  (sys_clk rise@0.000ns - sys_clk rise@0.000ns)
  Data Path Delay:        0.311ns  (logic 0.186ns (59.753%)  route 0.125ns (40.247%))
  Logic Levels:           1  (LUT5=1)
  Clock Path Skew:        0.034ns (DCD - SCD - CPR)
    Destination Clock Delay (DCD):    1.921ns
    Source Clock Delay      (SCD):    1.406ns
    Clock Pessimism Removal (CPR):    0.480ns

    Location             Delay type                Incr(ns)  Path(ns)    Netlist Resource(s)
  -------------------------------------------------------------------    -------------------
                         (clock sys_clk rise edge)    0.000     0.000 r  
    N15                                               0.000     0.000 r  clk_i (IN)
                         net (fo=0)                   0.000     0.000    clk_i
    N15                  IBUF (Prop_ibuf_I_O)         0.191     0.191 r  clk_i_IBUF_inst/O
                         net (fo=1, routed)           0.634     0.825    clk_i_IBUF
    BUFGCTRL_X0Y0        BUFG (Prop_bufg_I_O)         0.026     0.851 r  clk_i_IBUF_BUFG_inst/O
                         net (fo=2478, routed)        0.556     1.406    u_core/ex_stage_i/div.div_i/clk_i_IBUF_BUFG
    SLICE_X49Y22         FDCE                                         r  u_core/ex_stage_i/div.div_i/divisor_q_reg[30]/C
  -------------------------------------------------------------------    -------------------
    SLICE_X49Y22         FDCE (Prop_fdce_C_Q)         0.141     1.547 r  u_core/ex_stage_i/div.div_i/divisor_q_reg[30]/Q
                         net (fo=6, routed)           0.125     1.673    u_core/id_stage_i/remainder_q_reg[31][30]
    SLICE_X50Y22         LUT5 (Prop_lut5_I4_O)        0.045     1.718 r  u_core/id_stage_i/divisor_q[29]_i_1/O
                         net (fo=1, routed)           0.000     1.718    u_core/ex_stage_i/div.div_i/divisor_q_reg[29]_0[3]
    SLICE_X50Y22         FDCE                                         r  u_core/ex_stage_i/div.div_i/divisor_q_reg[29]/D
  -------------------------------------------------------------------    -------------------

                         (clock sys_clk rise edge)    0.000     0.000 r  
    N15                                               0.000     0.000 r  clk_i (IN)
                         net (fo=0)                   0.000     0.000    clk_i
    N15                  IBUF (Prop_ibuf_I_O)         0.380     0.380 r  clk_i_IBUF_inst/O
                         net (fo=1, routed)           0.689     1.068    clk_i_IBUF
    BUFGCTRL_X0Y0        BUFG (Prop_bufg_I_O)         0.029     1.097 r  clk_i_IBUF_BUFG_inst/O
                         net (fo=2478, routed)        0.824     1.921    u_core/ex_stage_i/div.div_i/clk_i_IBUF_BUFG
    SLICE_X50Y22         FDCE                                         r  u_core/ex_stage_i/div.div_i/divisor_q_reg[29]/C
                         clock pessimism             -0.480     1.440    
    SLICE_X50Y22         FDCE (Hold_fdce_C_D)         0.121     1.561    u_core/ex_stage_i/div.div_i/divisor_q_reg[29]
  -------------------------------------------------------------------
                         required time                         -1.561    
                         arrival time                           1.718    
  -------------------------------------------------------------------
                         slack                                  0.156    

Slack (MET) :             0.157ns  (arrival time - required time)
  Source:                 u_core/if_stage_i/prefetch_unit_i/alignment_buffer_i/addr_q_reg[22]/C
                            (rising edge-triggered cell FDCE clocked by sys_clk  {rise@0.000ns fall@10.000ns period=20.000ns})
  Destination:            u_core/cs_registers_i/gen_debug_csr.dpc_csr_i/gen_csr[22].gen_unmasked.rdata_q_reg[22]/D
                            (rising edge-triggered cell FDCE clocked by sys_clk  {rise@0.000ns fall@10.000ns period=20.000ns})
  Path Group:             sys_clk
  Path Type:              Hold (Min at Fast Process Corner)
  Requirement:            0.000ns  (sys_clk rise@0.000ns - sys_clk rise@0.000ns)
  Data Path Delay:        0.541ns  (logic 0.231ns (42.719%)  route 0.310ns (57.281%))
  Logic Levels:           2  (LUT3=1 LUT6=1)
  Clock Path Skew:        0.264ns (DCD - SCD - CPR)
    Destination Clock Delay (DCD):    1.924ns
    Source Clock Delay      (SCD):    1.408ns
    Clock Pessimism Removal (CPR):    0.251ns

    Location             Delay type                Incr(ns)  Path(ns)    Netlist Resource(s)
  -------------------------------------------------------------------    -------------------
                         (clock sys_clk rise edge)    0.000     0.000 r  
    N15                                               0.000     0.000 r  clk_i (IN)
                         net (fo=0)                   0.000     0.000    clk_i
    N15                  IBUF (Prop_ibuf_I_O)         0.191     0.191 r  clk_i_IBUF_inst/O
                         net (fo=1, routed)           0.634     0.825    clk_i_IBUF
    BUFGCTRL_X0Y0        BUFG (Prop_bufg_I_O)         0.026     0.851 r  clk_i_IBUF_BUFG_inst/O
                         net (fo=2478, routed)        0.558     1.408    u_core/if_stage_i/prefetch_unit_i/alignment_buffer_i/clk_i_IBUF_BUFG
    SLICE_X35Y35         FDCE                                         r  u_core/if_stage_i/prefetch_unit_i/alignment_buffer_i/addr_q_reg[22]/C
  -------------------------------------------------------------------    -------------------
    SLICE_X35Y35         FDCE (Prop_fdce_C_Q)         0.141     1.549 r  u_core/if_stage_i/prefetch_unit_i/alignment_buffer_i/addr_q_reg[22]/Q
                         net (fo=8, routed)           0.171     1.720    u_core/controller_i/controller_fsm_i/gen_csr[31].gen_unmasked.rdata_q_reg[31]_2[19]
    SLICE_X37Y35         LUT6 (Prop_lut6_I5_O)        0.045     1.765 r  u_core/controller_i/controller_fsm_i/gen_csr[22].gen_unmasked.rdata_q[22]_i_2__0/O
                         net (fo=3, routed)           0.139     1.904    u_core/controller_i/controller_fsm_i/ctrl_fsm[pipe_pc][22]
    SLICE_X38Y36         LUT3 (Prop_lut3_I0_O)        0.045     1.949 r  u_core/controller_i/controller_fsm_i/gen_csr[22].gen_unmasked.rdata_q[22]_i_1__1/O
                         net (fo=1, routed)           0.000     1.949    u_core/cs_registers_i/gen_debug_csr.dpc_csr_i/gen_csr[31].gen_unmasked.rdata_q_reg[31]_2[21]
    SLICE_X38Y36         FDCE                                         r  u_core/cs_registers_i/gen_debug_csr.dpc_csr_i/gen_csr[22].gen_unmasked.rdata_q_reg[22]/D
  -------------------------------------------------------------------    -------------------

                         (clock sys_clk rise edge)    0.000     0.000 r  
    N15                                               0.000     0.000 r  clk_i (IN)
                         net (fo=0)                   0.000     0.000    clk_i
    N15                  IBUF (Prop_ibuf_I_O)         0.380     0.380 r  clk_i_IBUF_inst/O
                         net (fo=1, routed)           0.689     1.068    clk_i_IBUF
    BUFGCTRL_X0Y0        BUFG (Prop_bufg_I_O)         0.029     1.097 r  clk_i_IBUF_BUFG_inst/O
                         net (fo=2478, routed)        0.827     1.924    u_core/cs_registers_i/gen_debug_csr.dpc_csr_i/clk_i_IBUF_BUFG
    SLICE_X38Y36         FDCE                                         r  u_core/cs_registers_i/gen_debug_csr.dpc_csr_i/gen_csr[22].gen_unmasked.rdata_q_reg[22]/C
                         clock pessimism             -0.251     1.672    
    SLICE_X38Y36         FDCE (Hold_fdce_C_D)         0.120     1.792    u_core/cs_registers_i/gen_debug_csr.dpc_csr_i/gen_csr[22].gen_unmasked.rdata_q_reg[22]
  -------------------------------------------------------------------
                         required time                         -1.792    
                         arrival time                           1.949    
  -------------------------------------------------------------------
                         slack                                  0.157    

Slack (MET) :             0.157ns  (arrival time - required time)
  Source:                 u_core/if_stage_i/prefetch_unit_i/alignment_buffer_i/addr_q_reg[24]/C
                            (rising edge-triggered cell FDCE clocked by sys_clk  {rise@0.000ns fall@10.000ns period=20.000ns})
  Destination:            u_core/if_stage_i/if_id_pipe_o_reg[pc][24]/D
                            (rising edge-triggered cell FDCE clocked by sys_clk  {rise@0.000ns fall@10.000ns period=20.000ns})
  Path Group:             sys_clk
  Path Type:              Hold (Min at Fast Process Corner)
  Requirement:            0.000ns  (sys_clk rise@0.000ns - sys_clk rise@0.000ns)
  Data Path Delay:        0.505ns  (logic 0.141ns (27.924%)  route 0.364ns (72.076%))
  Logic Levels:           0  
  Clock Path Skew:        0.259ns (DCD - SCD - CPR)
    Destination Clock Delay (DCD):    1.919ns
    Source Clock Delay      (SCD):    1.408ns
    Clock Pessimism Removal (CPR):    0.251ns

    Location             Delay type                Incr(ns)  Path(ns)    Netlist Resource(s)
  -------------------------------------------------------------------    -------------------
                         (clock sys_clk rise edge)    0.000     0.000 r  
    N15                                               0.000     0.000 r  clk_i (IN)
                         net (fo=0)                   0.000     0.000    clk_i
    N15                  IBUF (Prop_ibuf_I_O)         0.191     0.191 r  clk_i_IBUF_inst/O
                         net (fo=1, routed)           0.634     0.825    clk_i_IBUF
    BUFGCTRL_X0Y0        BUFG (Prop_bufg_I_O)         0.026     0.851 r  clk_i_IBUF_BUFG_inst/O
                         net (fo=2478, routed)        0.558     1.408    u_core/if_stage_i/prefetch_unit_i/alignment_buffer_i/clk_i_IBUF_BUFG
    SLICE_X36Y33         FDCE                                         r  u_core/if_stage_i/prefetch_unit_i/alignment_buffer_i/addr_q_reg[24]/C
  -------------------------------------------------------------------    -------------------
    SLICE_X36Y33         FDCE (Prop_fdce_C_Q)         0.141     1.549 r  u_core/if_stage_i/prefetch_unit_i/alignment_buffer_i/addr_q_reg[24]/Q
                         net (fo=8, routed)           0.364     1.913    u_core/if_stage_i/pc_if[23]
    SLICE_X34Y31         FDCE                                         r  u_core/if_stage_i/if_id_pipe_o_reg[pc][24]/D
  -------------------------------------------------------------------    -------------------

                         (clock sys_clk rise edge)    0.000     0.000 r  
    N15                                               0.000     0.000 r  clk_i (IN)
                         net (fo=0)                   0.000     0.000    clk_i
    N15                  IBUF (Prop_ibuf_I_O)         0.380     0.380 r  clk_i_IBUF_inst/O
                         net (fo=1, routed)           0.689     1.068    clk_i_IBUF
    BUFGCTRL_X0Y0        BUFG (Prop_bufg_I_O)         0.029     1.097 r  clk_i_IBUF_BUFG_inst/O
                         net (fo=2478, routed)        0.822     1.919    u_core/if_stage_i/clk_i_IBUF_BUFG
    SLICE_X34Y31         FDCE                                         r  u_core/if_stage_i/if_id_pipe_o_reg[pc][24]/C
                         clock pessimism             -0.251     1.667    
    SLICE_X34Y31         FDCE (Hold_fdce_C_D)         0.089     1.756    u_core/if_stage_i/if_id_pipe_o_reg[pc][24]
  -------------------------------------------------------------------
                         required time                         -1.756    
                         arrival time                           1.913    
  -------------------------------------------------------------------
                         slack                                  0.157    

Slack (MET) :             0.166ns  (arrival time - required time)
  Source:                 debug_req_i
                            (input port clocked by sys_clk  {rise@0.000ns fall@10.000ns period=20.000ns})
  Destination:            u_core/controller_i/controller_fsm_i/FSM_sequential_ctrl_fsm_cs_reg[0]/D
                            (rising edge-triggered cell FDPE clocked by sys_clk  {rise@0.000ns fall@10.000ns period=20.000ns})
  Path Group:             sys_clk
  Path Type:              Hold (Min at Slow Process Corner)
  Requirement:            0.000ns  (sys_clk rise@0.000ns - sys_clk rise@0.000ns)
  Data Path Delay:        4.131ns  (logic 1.034ns (25.032%)  route 3.097ns (74.968%))
  Logic Levels:           3  (IBUF=1 LUT6=2)
  Input Delay:            1.000ns
  Clock Path Skew:        4.661ns (DCD - SCD - CPR)
    Destination Clock Delay (DCD):    4.661ns
    Source Clock Delay      (SCD):    0.000ns
    Clock Pessimism Removal (CPR):    -0.000ns
  Clock Uncertainty:      0.035ns  ((TSJ^2 + TIJ^2)^1/2 + DJ) / 2 + PE
    Total System Jitter     (TSJ):    0.071ns
    Total Input Jitter      (TIJ):    0.000ns
    Discrete Jitter          (DJ):    0.000ns
    Phase Error              (PE):    0.000ns

    Location             Delay type                Incr(ns)  Path(ns)    Netlist Resource(s)
  -------------------------------------------------------------------    -------------------
                         (clock sys_clk rise edge)    0.000     0.000 r  
                         input delay                  1.000     1.000    
    U16                                               0.000     1.000 f  debug_req_i (IN)
                         net (fo=0)                   0.000     1.000    debug_req_i
    U16                  IBUF (Prop_ibuf_I_O)         0.834     1.834 f  debug_req_i_IBUF_inst/O
                         net (fo=8, routed)           2.461     4.295    u_core/controller_i/controller_fsm_i/debug_req_i_IBUF
    SLICE_X0Y15          LUT6 (Prop_lut6_I4_O)        0.100     4.395 r  u_core/controller_i/controller_fsm_i/FSM_sequential_ctrl_fsm_cs[0]_i_3/O
                         net (fo=1, routed)           0.636     5.031    u_core/controller_i/controller_fsm_i/FSM_sequential_ctrl_fsm_cs[0]_i_3_n_0
    SLICE_X1Y15          LUT6 (Prop_lut6_I5_O)        0.100     5.131 r  u_core/controller_i/controller_fsm_i/FSM_sequential_ctrl_fsm_cs[0]_i_1/O
                         net (fo=1, routed)           0.000     5.131    u_core/controller_i/controller_fsm_i/FSM_sequential_ctrl_fsm_cs[0]_i_1_n_0
    SLICE_X1Y15          FDPE                                         r  u_core/controller_i/controller_fsm_i/FSM_sequential_ctrl_fsm_cs_reg[0]/D
  -------------------------------------------------------------------    -------------------

                         (clock sys_clk rise edge)    0.000     0.000 r  
    N15                                               0.000     0.000 r  clk_i (IN)
                         net (fo=0)                   0.000     0.000    clk_i
    N15                  IBUF (Prop_ibuf_I_O)         0.962     0.962 r  clk_i_IBUF_inst/O
                         net (fo=1, routed)           1.972     2.933    clk_i_IBUF
    BUFGCTRL_X0Y0        BUFG (Prop_bufg_I_O)         0.096     3.029 r  clk_i_IBUF_BUFG_inst/O
                         net (fo=2478, routed)        1.631     4.661    u_core/controller_i/controller_fsm_i/clk_i_IBUF_BUFG
    SLICE_X1Y15          FDPE                                         r  u_core/controller_i/controller_fsm_i/FSM_sequential_ctrl_fsm_cs_reg[0]/C
                         clock pessimism              0.000     4.661    
                         clock uncertainty            0.035     4.696    
    SLICE_X1Y15          FDPE (Hold_fdpe_C_D)         0.269     4.965    u_core/controller_i/controller_fsm_i/FSM_sequential_ctrl_fsm_cs_reg[0]
  -------------------------------------------------------------------
                         required time                         -4.965    
                         arrival time                           5.131    
  -------------------------------------------------------------------
                         slack                                  0.166    

Slack (MET) :             0.168ns  (arrival time - required time)
  Source:                 u_core/if_stage_i/prefetch_unit_i/alignment_buffer_i/addr_q_reg[23]/C
                            (rising edge-triggered cell FDCE clocked by sys_clk  {rise@0.000ns fall@10.000ns period=20.000ns})
  Destination:            u_core/if_stage_i/if_id_pipe_o_reg[pc][23]/D
                            (rising edge-triggered cell FDCE clocked by sys_clk  {rise@0.000ns fall@10.000ns period=20.000ns})
  Path Group:             sys_clk
  Path Type:              Hold (Min at Fast Process Corner)
  Requirement:            0.000ns  (sys_clk rise@0.000ns - sys_clk rise@0.000ns)
  Data Path Delay:        0.498ns  (logic 0.141ns (28.326%)  route 0.357ns (71.674%))
  Logic Levels:           0  
  Clock Path Skew:        0.260ns (DCD - SCD - CPR)
    Destination Clock Delay (DCD):    1.920ns
    Source Clock Delay      (SCD):    1.408ns
    Clock Pessimism Removal (CPR):    0.251ns

    Location             Delay type                Incr(ns)  Path(ns)    Netlist Resource(s)
  -------------------------------------------------------------------    -------------------
                         (clock sys_clk rise edge)    0.000     0.000 r  
    N15                                               0.000     0.000 r  clk_i (IN)
                         net (fo=0)                   0.000     0.000    clk_i
    N15                  IBUF (Prop_ibuf_I_O)         0.191     0.191 r  clk_i_IBUF_inst/O
                         net (fo=1, routed)           0.634     0.825    clk_i_IBUF
    BUFGCTRL_X0Y0        BUFG (Prop_bufg_I_O)         0.026     0.851 r  clk_i_IBUF_BUFG_inst/O
                         net (fo=2478, routed)        0.558     1.408    u_core/if_stage_i/prefetch_unit_i/alignment_buffer_i/clk_i_IBUF_BUFG
    SLICE_X35Y35         FDCE                                         r  u_core/if_stage_i/prefetch_unit_i/alignment_buffer_i/addr_q_reg[23]/C
  -------------------------------------------------------------------    -------------------
    SLICE_X35Y35         FDCE (Prop_fdce_C_Q)         0.141     1.549 r  u_core/if_stage_i/prefetch_unit_i/alignment_buffer_i/addr_q_reg[23]/Q
                         net (fo=8, routed)           0.357     1.906    u_core/if_stage_i/pc_if[22]
    SLICE_X37Y31         FDCE                                         r  u_core/if_stage_i/if_id_pipe_o_reg[pc][23]/D
  -------------------------------------------------------------------    -------------------

                         (clock sys_clk rise edge)    0.000     0.000 r  
    N15                                               0.000     0.000 r  clk_i (IN)
                         net (fo=0)                   0.000     0.000    clk_i
    N15                  IBUF (Prop_ibuf_I_O)         0.380     0.380 r  clk_i_IBUF_inst/O
                         net (fo=1, routed)           0.689     1.068    clk_i_IBUF
    BUFGCTRL_X0Y0        BUFG (Prop_bufg_I_O)         0.029     1.097 r  clk_i_IBUF_BUFG_inst/O
                         net (fo=2478, routed)        0.823     1.920    u_core/if_stage_i/clk_i_IBUF_BUFG
    SLICE_X37Y31         FDCE                                         r  u_core/if_stage_i/if_id_pipe_o_reg[pc][23]/C
                         clock pessimism             -0.251     1.668    
    SLICE_X37Y31         FDCE (Hold_fdce_C_D)         0.070     1.738    u_core/if_stage_i/if_id_pipe_o_reg[pc][23]
  -------------------------------------------------------------------
                         required time                         -1.738    
                         arrival time                           1.906    
  -------------------------------------------------------------------
                         slack                                  0.168    

Slack (MET) :             0.175ns  (arrival time - required time)
  Source:                 u_core/id_stage_i/id_ex_pipe_o_reg[pc][18]/C
                            (rising edge-triggered cell FDCE clocked by sys_clk  {rise@0.000ns fall@10.000ns period=20.000ns})
  Destination:            u_core/ex_stage_i/ex_wb_pipe_o_reg[pc][18]/D
                            (rising edge-triggered cell FDCE clocked by sys_clk  {rise@0.000ns fall@10.000ns period=20.000ns})
  Path Group:             sys_clk
  Path Type:              Hold (Min at Fast Process Corner)
  Requirement:            0.000ns  (sys_clk rise@0.000ns - sys_clk rise@0.000ns)
  Data Path Delay:        0.262ns  (logic 0.141ns (53.808%)  route 0.121ns (46.192%))
  Logic Levels:           0  
  Clock Path Skew:        0.015ns (DCD - SCD - CPR)
    Destination Clock Delay (DCD):    1.918ns
    Source Clock Delay      (SCD):    1.403ns
    Clock Pessimism Removal (CPR):    0.499ns

    Location             Delay type                Incr(ns)  Path(ns)    Netlist Resource(s)
  -------------------------------------------------------------------    -------------------
                         (clock sys_clk rise edge)    0.000     0.000 r  
    N15                                               0.000     0.000 r  clk_i (IN)
                         net (fo=0)                   0.000     0.000    clk_i
    N15                  IBUF (Prop_ibuf_I_O)         0.191     0.191 r  clk_i_IBUF_inst/O
                         net (fo=1, routed)           0.634     0.825    clk_i_IBUF
    BUFGCTRL_X0Y0        BUFG (Prop_bufg_I_O)         0.026     0.851 r  clk_i_IBUF_BUFG_inst/O
                         net (fo=2478, routed)        0.553     1.403    u_core/id_stage_i/clk_i_IBUF_BUFG
    SLICE_X39Y28         FDCE                                         r  u_core/id_stage_i/id_ex_pipe_o_reg[pc][18]/C
  -------------------------------------------------------------------    -------------------
    SLICE_X39Y28         FDCE (Prop_fdce_C_Q)         0.141     1.544 r  u_core/id_stage_i/id_ex_pipe_o_reg[pc][18]/Q
                         net (fo=2, routed)           0.121     1.665    u_core/ex_stage_i/ex_wb_pipe_o_reg[pc][31]_1[17]
    SLICE_X39Y29         FDCE                                         r  u_core/ex_stage_i/ex_wb_pipe_o_reg[pc][18]/D
  -------------------------------------------------------------------    -------------------

                         (clock sys_clk rise edge)    0.000     0.000 r  
    N15                                               0.000     0.000 r  clk_i (IN)
                         net (fo=0)                   0.000     0.000    clk_i
    N15                  IBUF (Prop_ibuf_I_O)         0.380     0.380 r  clk_i_IBUF_inst/O
                         net (fo=1, routed)           0.689     1.068    clk_i_IBUF
    BUFGCTRL_X0Y0        BUFG (Prop_bufg_I_O)         0.029     1.097 r  clk_i_IBUF_BUFG_inst/O
                         net (fo=2478, routed)        0.821     1.918    u_core/ex_stage_i/clk_i_IBUF_BUFG
    SLICE_X39Y29         FDCE                                         r  u_core/ex_stage_i/ex_wb_pipe_o_reg[pc][18]/C
                         clock pessimism             -0.499     1.418    
    SLICE_X39Y29         FDCE (Hold_fdce_C_D)         0.072     1.490    u_core/ex_stage_i/ex_wb_pipe_o_reg[pc][18]
  -------------------------------------------------------------------
                         required time                         -1.490    
                         arrival time                           1.665    
  -------------------------------------------------------------------
                         slack                                  0.175    





Pulse Width Checks
--------------------------------------------------------------------------------------
Clock Name:         sys_clk
Waveform(ns):       { 0.000 10.000 }
Period(ns):         20.000
Sources:            { clk_i }

Check Type        Corner  Lib Pin             Reference Pin  Required(ns)  Actual(ns)  Slack(ns)  Location      Pin
Min Period        n/a     RAMB36E1/CLKARDCLK  n/a            2.944         20.000      17.056     RAMB36_X1Y6   data_mem_byte0_reg_0/CLKARDCLK
Min Period        n/a     RAMB36E1/CLKARDCLK  n/a            2.944         20.000      17.056     RAMB36_X0Y1   data_mem_byte2_reg_1/CLKARDCLK
Min Period        n/a     RAMB36E1/CLKARDCLK  n/a            2.944         20.000      17.056     RAMB36_X1Y5   data_mem_byte0_reg_1/CLKARDCLK
Min Period        n/a     RAMB36E1/CLKARDCLK  n/a            2.944         20.000      17.056     RAMB36_X0Y2   data_mem_byte2_reg_2/CLKARDCLK
Min Period        n/a     RAMB36E1/CLKARDCLK  n/a            2.944         20.000      17.056     RAMB36_X0Y4   data_mem_byte0_reg_2/CLKARDCLK
Min Period        n/a     RAMB36E1/CLKARDCLK  n/a            2.944         20.000      17.056     RAMB36_X1Y1   data_mem_byte2_reg_3/CLKARDCLK
Min Period        n/a     RAMB36E1/CLKARDCLK  n/a            2.944         20.000      17.056     RAMB36_X0Y3   data_mem_byte0_reg_3/CLKARDCLK
Min Period        n/a     RAMB36E1/CLKARDCLK  n/a            2.944         20.000      17.056     RAMB36_X1Y3   data_mem_byte3_reg_0/CLKARDCLK
Min Period        n/a     RAMB36E1/CLKARDCLK  n/a            2.944         20.000      17.056     RAMB36_X2Y3   data_mem_byte3_reg_1/CLKARDCLK
Min Period        n/a     RAMB36E1/CLKARDCLK  n/a            2.944         20.000      17.056     RAMB36_X2Y0   data_mem_byte1_reg_0/CLKARDCLK
Low Pulse Width   Slow    FDCE/C              n/a            0.500         10.000      9.500      SLICE_X48Y39  u_core/register_file_wrapper_i/register_file_i/gen_rf[12].mem_reg[12][22]/C
Low Pulse Width   Fast    FDCE/C              n/a            0.500         10.000      9.500      SLICE_X28Y23  u_core/ex_stage_i/mul.mult_i/mulh_acc_reg[12]/C
Low Pulse Width   Fast    FDCE/C              n/a            0.500         10.000      9.500      SLICE_X14Y24  u_core/ex_stage_i/mul.mult_i/mulh_acc_reg[13]/C
Low Pulse Width   Slow    FDCE/C              n/a            0.500         10.000      9.500      SLICE_X48Y9   u_core/register_file_wrapper_i/register_file_i/gen_rf[13].mem_reg[13][15]/C
Low Pulse Width   Slow    FDCE/C              n/a            0.500         10.000      9.500      SLICE_X48Y9   u_core/register_file_wrapper_i/register_file_i/gen_rf[13].mem_reg[13][19]/C
Low Pulse Width   Slow    FDCE/C              n/a            0.500         10.000      9.500      SLICE_X7Y33   instr_mem_valid_reg/C
Low Pulse Width   Slow    FDCE/C              n/a            0.500         10.000      9.500      SLICE_X40Y24  time_signal_reg[0]/C
Low Pulse Width   Fast    FDCE/C              n/a            0.500         10.000      9.500      SLICE_X40Y26  time_signal_reg[10]/C
Low Pulse Width   Fast    FDCE/C              n/a            0.500         10.000      9.500      SLICE_X28Y23  u_core/ex_stage_i/mul.mult_i/mulh_acc_reg[16]/C
Low Pulse Width   Fast    FDCE/C              n/a            0.500         10.000      9.500      SLICE_X14Y25  u_core/ex_stage_i/mul.mult_i/mulh_acc_reg[17]/C
High Pulse Width  Slow    FDCE/C              n/a            0.500         10.000      9.500      SLICE_X55Y28  u_core/register_file_wrapper_i/register_file_i/gen_rf[11].mem_reg[11][21]/C
High Pulse Width  Slow    FDCE/C              n/a            0.500         10.000      9.500      SLICE_X46Y32  u_core/register_file_wrapper_i/register_file_i/gen_rf[11].mem_reg[11][24]/C
High Pulse Width  Slow    FDCE/C              n/a            0.500         10.000      9.500      SLICE_X46Y32  u_core/register_file_wrapper_i/register_file_i/gen_rf[11].mem_reg[11][25]/C
High Pulse Width  Slow    FDCE/C              n/a            0.500         10.000      9.500      SLICE_X43Y1   u_core/register_file_wrapper_i/register_file_i/gen_rf[11].mem_reg[11][5]/C
High Pulse Width  Slow    FDCE/C              n/a            0.500         10.000      9.500      SLICE_X53Y28  u_core/register_file_wrapper_i/register_file_i/gen_rf[12].mem_reg[12][20]/C
High Pulse Width  Slow    FDCE/C              n/a            0.500         10.000      9.500      SLICE_X48Y31  u_core/register_file_wrapper_i/register_file_i/gen_rf[12].mem_reg[12][25]/C
High Pulse Width  Slow    FDCE/C              n/a            0.500         10.000      9.500      SLICE_X48Y31  u_core/register_file_wrapper_i/register_file_i/gen_rf[12].mem_reg[12][31]/C
High Pulse Width  Slow    FDCE/C              n/a            0.500         10.000      9.500      SLICE_X43Y2   u_core/register_file_wrapper_i/register_file_i/gen_rf[12].mem_reg[12][5]/C
High Pulse Width  Slow    FDCE/C              n/a            0.500         10.000      9.500      SLICE_X43Y2   u_core/register_file_wrapper_i/register_file_i/gen_rf[12].mem_reg[12][7]/C
High Pulse Width  Slow    FDCE/C              n/a            0.500         10.000      9.500      SLICE_X60Y32  u_core/register_file_wrapper_i/register_file_i/gen_rf[13].mem_reg[13][28]/C



---------------------------------------------------------------------------------------------------
Path Group:  **async_default**
From Clock:  sys_clk
  To Clock:  sys_clk

Setup :            0  Failing Endpoints,  Worst Slack        9.610ns,  Total Violation        0.000ns
Hold  :            0  Failing Endpoints,  Worst Slack        0.350ns,  Total Violation        0.000ns
---------------------------------------------------------------------------------------------------


Max Delay Paths
--------------------------------------------------------------------------------------
Slack (MET) :             9.610ns  (required time - arrival time)
  Source:                 rst_ni
                            (input port clocked by sys_clk  {rise@0.000ns fall@10.000ns period=20.000ns})
  Destination:            u_core/register_file_wrapper_i/register_file_i/gen_rf[13].mem_reg[13][2]/CLR
                            (recovery check against rising-edge clock sys_clk  {rise@0.000ns fall@10.000ns period=20.000ns})
  Path Group:             **async_default**
  Path Type:              Recovery (Max at Slow Process Corner)
  Requirement:            20.000ns  (sys_clk rise@20.000ns - sys_clk rise@0.000ns)
  Data Path Delay:        9.189ns  (logic 1.091ns (11.869%)  route 8.098ns (88.131%))
  Logic Levels:           2  (IBUF=1 LUT1=1)
  Input Delay:            5.000ns
  Clock Path Skew:        4.240ns (DCD - SCD + CPR)
    Destination Clock Delay (DCD):    4.240ns = ( 24.240 - 20.000 ) 
    Source Clock Delay      (SCD):    0.000ns
    Clock Pessimism Removal (CPR):    0.000ns
  Clock Uncertainty:      0.035ns  ((TSJ^2 + TIJ^2)^1/2 + DJ) / 2 + PE
    Total System Jitter     (TSJ):    0.071ns
    Total Input Jitter      (TIJ):    0.000ns
    Discrete Jitter          (DJ):    0.000ns
    Phase Error              (PE):    0.000ns

    Location             Delay type                Incr(ns)  Path(ns)    Netlist Resource(s)
  -------------------------------------------------------------------    -------------------
                         (clock sys_clk rise edge)    0.000     0.000 r  
                         input delay                  5.000     5.000    
    U18                                               0.000     5.000 r  rst_ni (IN)
                         net (fo=0)                   0.000     5.000    rst_ni
    U18                  IBUF (Prop_ibuf_I_O)         0.967     5.967 r  rst_ni_IBUF_inst/O
                         net (fo=1, routed)           2.210     8.177    u_core/register_file_wrapper_i/register_file_i/rst_ni_IBUF
    SLICE_X0Y15          LUT1 (Prop_lut1_I0_O)        0.124     8.301 f  u_core/register_file_wrapper_i/register_file_i/irq_q[7]_i_1/O
                         net (fo=2442, routed)        5.888    14.189    u_core/register_file_wrapper_i/register_file_i/rst_ni
    SLICE_X57Y41         FDCE                                         f  u_core/register_file_wrapper_i/register_file_i/gen_rf[13].mem_reg[13][2]/CLR
  -------------------------------------------------------------------    -------------------

                         (clock sys_clk rise edge)   20.000    20.000 r  
    N15                                               0.000    20.000 r  clk_i (IN)
                         net (fo=0)                   0.000    20.000    clk_i
    N15                  IBUF (Prop_ibuf_I_O)         0.828    20.828 r  clk_i_IBUF_inst/O
                         net (fo=1, routed)           1.868    22.696    clk_i_IBUF
    BUFGCTRL_X0Y0        BUFG (Prop_bufg_I_O)         0.091    22.787 r  clk_i_IBUF_BUFG_inst/O
                         net (fo=2478, routed)        1.452    24.240    u_core/register_file_wrapper_i/register_file_i/clk_i_IBUF_BUFG
    SLICE_X57Y41         FDCE                                         r  u_core/register_file_wrapper_i/register_file_i/gen_rf[13].mem_reg[13][2]/C
                         clock pessimism              0.000    24.240    
                         clock uncertainty           -0.035    24.204    
    SLICE_X57Y41         FDCE (Recov_fdce_C_CLR)     -0.405    23.799    u_core/register_file_wrapper_i/register_file_i/gen_rf[13].mem_reg[13][2]
  -------------------------------------------------------------------
                         required time                         23.799    
                         arrival time                         -14.189    
  -------------------------------------------------------------------
                         slack                                  9.610    

Slack (MET) :             9.696ns  (required time - arrival time)
  Source:                 rst_ni
                            (input port clocked by sys_clk  {rise@0.000ns fall@10.000ns period=20.000ns})
  Destination:            u_core/register_file_wrapper_i/register_file_i/gen_rf[3].mem_reg[3][2]/CLR
                            (recovery check against rising-edge clock sys_clk  {rise@0.000ns fall@10.000ns period=20.000ns})
  Path Group:             **async_default**
  Path Type:              Recovery (Max at Slow Process Corner)
  Requirement:            20.000ns  (sys_clk rise@20.000ns - sys_clk rise@0.000ns)
  Data Path Delay:        9.189ns  (logic 1.091ns (11.869%)  route 8.098ns (88.131%))
  Logic Levels:           2  (IBUF=1 LUT1=1)
  Input Delay:            5.000ns
  Clock Path Skew:        4.240ns (DCD - SCD + CPR)
    Destination Clock Delay (DCD):    4.240ns = ( 24.240 - 20.000 ) 
    Source Clock Delay      (SCD):    0.000ns
    Clock Pessimism Removal (CPR):    0.000ns
  Clock Uncertainty:      0.035ns  ((TSJ^2 + TIJ^2)^1/2 + DJ) / 2 + PE
    Total System Jitter     (TSJ):    0.071ns
    Total Input Jitter      (TIJ):    0.000ns
    Discrete Jitter          (DJ):    0.000ns
    Phase Error              (PE):    0.000ns

    Location             Delay type                Incr(ns)  Path(ns)    Netlist Resource(s)
  -------------------------------------------------------------------    -------------------
                         (clock sys_clk rise edge)    0.000     0.000 r  
                         input delay                  5.000     5.000    
    U18                                               0.000     5.000 r  rst_ni (IN)
                         net (fo=0)                   0.000     5.000    rst_ni
    U18                  IBUF (Prop_ibuf_I_O)         0.967     5.967 r  rst_ni_IBUF_inst/O
                         net (fo=1, routed)           2.210     8.177    u_core/register_file_wrapper_i/register_file_i/rst_ni_IBUF
    SLICE_X0Y15          LUT1 (Prop_lut1_I0_O)        0.124     8.301 f  u_core/register_file_wrapper_i/register_file_i/irq_q[7]_i_1/O
                         net (fo=2442, routed)        5.888    14.189    u_core/register_file_wrapper_i/register_file_i/rst_ni
    SLICE_X56Y41         FDCE                                         f  u_core/register_file_wrapper_i/register_file_i/gen_rf[3].mem_reg[3][2]/CLR
  -------------------------------------------------------------------    -------------------

                         (clock sys_clk rise edge)   20.000    20.000 r  
    N15                                               0.000    20.000 r  clk_i (IN)
                         net (fo=0)                   0.000    20.000    clk_i
    N15                  IBUF (Prop_ibuf_I_O)         0.828    20.828 r  clk_i_IBUF_inst/O
                         net (fo=1, routed)           1.868    22.696    clk_i_IBUF
    BUFGCTRL_X0Y0        BUFG (Prop_bufg_I_O)         0.091    22.787 r  clk_i_IBUF_BUFG_inst/O
                         net (fo=2478, routed)        1.452    24.240    u_core/register_file_wrapper_i/register_file_i/clk_i_IBUF_BUFG
    SLICE_X56Y41         FDCE                                         r  u_core/register_file_wrapper_i/register_file_i/gen_rf[3].mem_reg[3][2]/C
                         clock pessimism              0.000    24.240    
                         clock uncertainty           -0.035    24.204    
    SLICE_X56Y41         FDCE (Recov_fdce_C_CLR)     -0.319    23.885    u_core/register_file_wrapper_i/register_file_i/gen_rf[3].mem_reg[3][2]
  -------------------------------------------------------------------
                         required time                         23.885    
                         arrival time                         -14.189    
  -------------------------------------------------------------------
                         slack                                  9.696    

Slack (MET) :             9.702ns  (required time - arrival time)
  Source:                 rst_ni
                            (input port clocked by sys_clk  {rise@0.000ns fall@10.000ns period=20.000ns})
  Destination:            u_core/register_file_wrapper_i/register_file_i/gen_rf[18].mem_reg[18][2]/CLR
                            (recovery check against rising-edge clock sys_clk  {rise@0.000ns fall@10.000ns period=20.000ns})
  Path Group:             **async_default**
  Path Type:              Recovery (Max at Slow Process Corner)
  Requirement:            20.000ns  (sys_clk rise@20.000ns - sys_clk rise@0.000ns)
  Data Path Delay:        9.095ns  (logic 1.091ns (11.991%)  route 8.004ns (88.009%))
  Logic Levels:           2  (IBUF=1 LUT1=1)
  Input Delay:            5.000ns
  Clock Path Skew:        4.238ns (DCD - SCD + CPR)
    Destination Clock Delay (DCD):    4.238ns = ( 24.238 - 20.000 ) 
    Source Clock Delay      (SCD):    0.000ns
    Clock Pessimism Removal (CPR):    0.000ns
  Clock Uncertainty:      0.035ns  ((TSJ^2 + TIJ^2)^1/2 + DJ) / 2 + PE
    Total System Jitter     (TSJ):    0.071ns
    Total Input Jitter      (TIJ):    0.000ns
    Discrete Jitter          (DJ):    0.000ns
    Phase Error              (PE):    0.000ns

    Location             Delay type                Incr(ns)  Path(ns)    Netlist Resource(s)
  -------------------------------------------------------------------    -------------------
                         (clock sys_clk rise edge)    0.000     0.000 r  
                         input delay                  5.000     5.000    
    U18                                               0.000     5.000 r  rst_ni (IN)
                         net (fo=0)                   0.000     5.000    rst_ni
    U18                  IBUF (Prop_ibuf_I_O)         0.967     5.967 r  rst_ni_IBUF_inst/O
                         net (fo=1, routed)           2.210     8.177    u_core/register_file_wrapper_i/register_file_i/rst_ni_IBUF
    SLICE_X0Y15          LUT1 (Prop_lut1_I0_O)        0.124     8.301 f  u_core/register_file_wrapper_i/register_file_i/irq_q[7]_i_1/O
                         net (fo=2442, routed)        5.794    14.095    u_core/register_file_wrapper_i/register_file_i/rst_ni
    SLICE_X55Y39         FDCE                                         f  u_core/register_file_wrapper_i/register_file_i/gen_rf[18].mem_reg[18][2]/CLR
  -------------------------------------------------------------------    -------------------

                         (clock sys_clk rise edge)   20.000    20.000 r  
    N15                                               0.000    20.000 r  clk_i (IN)
                         net (fo=0)                   0.000    20.000    clk_i
    N15                  IBUF (Prop_ibuf_I_O)         0.828    20.828 r  clk_i_IBUF_inst/O
                         net (fo=1, routed)           1.868    22.696    clk_i_IBUF
    BUFGCTRL_X0Y0        BUFG (Prop_bufg_I_O)         0.091    22.787 r  clk_i_IBUF_BUFG_inst/O
                         net (fo=2478, routed)        1.450    24.238    u_core/register_file_wrapper_i/register_file_i/clk_i_IBUF_BUFG
    SLICE_X55Y39         FDCE                                         r  u_core/register_file_wrapper_i/register_file_i/gen_rf[18].mem_reg[18][2]/C
                         clock pessimism              0.000    24.238    
                         clock uncertainty           -0.035    24.202    
    SLICE_X55Y39         FDCE (Recov_fdce_C_CLR)     -0.405    23.797    u_core/register_file_wrapper_i/register_file_i/gen_rf[18].mem_reg[18][2]
  -------------------------------------------------------------------
                         required time                         23.797    
                         arrival time                         -14.095    
  -------------------------------------------------------------------
                         slack                                  9.702    

Slack (MET) :             9.702ns  (required time - arrival time)
  Source:                 rst_ni
                            (input port clocked by sys_clk  {rise@0.000ns fall@10.000ns period=20.000ns})
  Destination:            u_core/register_file_wrapper_i/register_file_i/gen_rf[18].mem_reg[18][3]/CLR
                            (recovery check against rising-edge clock sys_clk  {rise@0.000ns fall@10.000ns period=20.000ns})
  Path Group:             **async_default**
  Path Type:              Recovery (Max at Slow Process Corner)
  Requirement:            20.000ns  (sys_clk rise@20.000ns - sys_clk rise@0.000ns)
  Data Path Delay:        9.095ns  (logic 1.091ns (11.991%)  route 8.004ns (88.009%))
  Logic Levels:           2  (IBUF=1 LUT1=1)
  Input Delay:            5.000ns
  Clock Path Skew:        4.238ns (DCD - SCD + CPR)
    Destination Clock Delay (DCD):    4.238ns = ( 24.238 - 20.000 ) 
    Source Clock Delay      (SCD):    0.000ns
    Clock Pessimism Removal (CPR):    0.000ns
  Clock Uncertainty:      0.035ns  ((TSJ^2 + TIJ^2)^1/2 + DJ) / 2 + PE
    Total System Jitter     (TSJ):    0.071ns
    Total Input Jitter      (TIJ):    0.000ns
    Discrete Jitter          (DJ):    0.000ns
    Phase Error              (PE):    0.000ns

    Location             Delay type                Incr(ns)  Path(ns)    Netlist Resource(s)
  -------------------------------------------------------------------    -------------------
                         (clock sys_clk rise edge)    0.000     0.000 r  
                         input delay                  5.000     5.000    
    U18                                               0.000     5.000 r  rst_ni (IN)
                         net (fo=0)                   0.000     5.000    rst_ni
    U18                  IBUF (Prop_ibuf_I_O)         0.967     5.967 r  rst_ni_IBUF_inst/O
                         net (fo=1, routed)           2.210     8.177    u_core/register_file_wrapper_i/register_file_i/rst_ni_IBUF
    SLICE_X0Y15          LUT1 (Prop_lut1_I0_O)        0.124     8.301 f  u_core/register_file_wrapper_i/register_file_i/irq_q[7]_i_1/O
                         net (fo=2442, routed)        5.794    14.095    u_core/register_file_wrapper_i/register_file_i/rst_ni
    SLICE_X55Y39         FDCE                                         f  u_core/register_file_wrapper_i/register_file_i/gen_rf[18].mem_reg[18][3]/CLR
  -------------------------------------------------------------------    -------------------

                         (clock sys_clk rise edge)   20.000    20.000 r  
    N15                                               0.000    20.000 r  clk_i (IN)
                         net (fo=0)                   0.000    20.000    clk_i
    N15                  IBUF (Prop_ibuf_I_O)         0.828    20.828 r  clk_i_IBUF_inst/O
                         net (fo=1, routed)           1.868    22.696    clk_i_IBUF
    BUFGCTRL_X0Y0        BUFG (Prop_bufg_I_O)         0.091    22.787 r  clk_i_IBUF_BUFG_inst/O
                         net (fo=2478, routed)        1.450    24.238    u_core/register_file_wrapper_i/register_file_i/clk_i_IBUF_BUFG
    SLICE_X55Y39         FDCE                                         r  u_core/register_file_wrapper_i/register_file_i/gen_rf[18].mem_reg[18][3]/C
                         clock pessimism              0.000    24.238    
                         clock uncertainty           -0.035    24.202    
    SLICE_X55Y39         FDCE (Recov_fdce_C_CLR)     -0.405    23.797    u_core/register_file_wrapper_i/register_file_i/gen_rf[18].mem_reg[18][3]
  -------------------------------------------------------------------
                         required time                         23.797    
                         arrival time                         -14.095    
  -------------------------------------------------------------------
                         slack                                  9.702    

Slack (MET) :             9.755ns  (required time - arrival time)
  Source:                 rst_ni
                            (input port clocked by sys_clk  {rise@0.000ns fall@10.000ns period=20.000ns})
  Destination:            u_core/register_file_wrapper_i/register_file_i/gen_rf[9].mem_reg[9][2]/CLR
                            (recovery check against rising-edge clock sys_clk  {rise@0.000ns fall@10.000ns period=20.000ns})
  Path Group:             **async_default**
  Path Type:              Recovery (Max at Slow Process Corner)
  Requirement:            20.000ns  (sys_clk rise@20.000ns - sys_clk rise@0.000ns)
  Data Path Delay:        9.043ns  (logic 1.091ns (12.060%)  route 7.953ns (87.940%))
  Logic Levels:           2  (IBUF=1 LUT1=1)
  Input Delay:            5.000ns
  Clock Path Skew:        4.239ns (DCD - SCD + CPR)
    Destination Clock Delay (DCD):    4.239ns = ( 24.239 - 20.000 ) 
    Source Clock Delay      (SCD):    0.000ns
    Clock Pessimism Removal (CPR):    0.000ns
  Clock Uncertainty:      0.035ns  ((TSJ^2 + TIJ^2)^1/2 + DJ) / 2 + PE
    Total System Jitter     (TSJ):    0.071ns
    Total Input Jitter      (TIJ):    0.000ns
    Discrete Jitter          (DJ):    0.000ns
    Phase Error              (PE):    0.000ns

    Location             Delay type                Incr(ns)  Path(ns)    Netlist Resource(s)
  -------------------------------------------------------------------    -------------------
                         (clock sys_clk rise edge)    0.000     0.000 r  
                         input delay                  5.000     5.000    
    U18                                               0.000     5.000 r  rst_ni (IN)
                         net (fo=0)                   0.000     5.000    rst_ni
    U18                  IBUF (Prop_ibuf_I_O)         0.967     5.967 r  rst_ni_IBUF_inst/O
                         net (fo=1, routed)           2.210     8.177    u_core/register_file_wrapper_i/register_file_i/rst_ni_IBUF
    SLICE_X0Y15          LUT1 (Prop_lut1_I0_O)        0.124     8.301 f  u_core/register_file_wrapper_i/register_file_i/irq_q[7]_i_1/O
                         net (fo=2442, routed)        5.742    14.043    u_core/register_file_wrapper_i/register_file_i/rst_ni
    SLICE_X57Y40         FDCE                                         f  u_core/register_file_wrapper_i/register_file_i/gen_rf[9].mem_reg[9][2]/CLR
  -------------------------------------------------------------------    -------------------

                         (clock sys_clk rise edge)   20.000    20.000 r  
    N15                                               0.000    20.000 r  clk_i (IN)
                         net (fo=0)                   0.000    20.000    clk_i
    N15                  IBUF (Prop_ibuf_I_O)         0.828    20.828 r  clk_i_IBUF_inst/O
                         net (fo=1, routed)           1.868    22.696    clk_i_IBUF
    BUFGCTRL_X0Y0        BUFG (Prop_bufg_I_O)         0.091    22.787 r  clk_i_IBUF_BUFG_inst/O
                         net (fo=2478, routed)        1.451    24.239    u_core/register_file_wrapper_i/register_file_i/clk_i_IBUF_BUFG
    SLICE_X57Y40         FDCE                                         r  u_core/register_file_wrapper_i/register_file_i/gen_rf[9].mem_reg[9][2]/C
                         clock pessimism              0.000    24.239    
                         clock uncertainty           -0.035    24.203    
    SLICE_X57Y40         FDCE (Recov_fdce_C_CLR)     -0.405    23.798    u_core/register_file_wrapper_i/register_file_i/gen_rf[9].mem_reg[9][2]
  -------------------------------------------------------------------
                         required time                         23.798    
                         arrival time                         -14.043    
  -------------------------------------------------------------------
                         slack                                  9.755    

Slack (MET) :             9.779ns  (required time - arrival time)
  Source:                 rst_ni
                            (input port clocked by sys_clk  {rise@0.000ns fall@10.000ns period=20.000ns})
  Destination:            u_core/register_file_wrapper_i/register_file_i/gen_rf[22].mem_reg[22][2]/CLR
                            (recovery check against rising-edge clock sys_clk  {rise@0.000ns fall@10.000ns period=20.000ns})
  Path Group:             **async_default**
  Path Type:              Recovery (Max at Slow Process Corner)
  Requirement:            20.000ns  (sys_clk rise@20.000ns - sys_clk rise@0.000ns)
  Data Path Delay:        9.020ns  (logic 1.091ns (12.091%)  route 7.929ns (87.909%))
  Logic Levels:           2  (IBUF=1 LUT1=1)
  Input Delay:            5.000ns
  Clock Path Skew:        4.239ns (DCD - SCD + CPR)
    Destination Clock Delay (DCD):    4.239ns = ( 24.239 - 20.000 ) 
    Source Clock Delay      (SCD):    0.000ns
    Clock Pessimism Removal (CPR):    0.000ns
  Clock Uncertainty:      0.035ns  ((TSJ^2 + TIJ^2)^1/2 + DJ) / 2 + PE
    Total System Jitter     (TSJ):    0.071ns
    Total Input Jitter      (TIJ):    0.000ns
    Discrete Jitter          (DJ):    0.000ns
    Phase Error              (PE):    0.000ns

    Location             Delay type                Incr(ns)  Path(ns)    Netlist Resource(s)
  -------------------------------------------------------------------    -------------------
                         (clock sys_clk rise edge)    0.000     0.000 r  
                         input delay                  5.000     5.000    
    U18                                               0.000     5.000 r  rst_ni (IN)
                         net (fo=0)                   0.000     5.000    rst_ni
    U18                  IBUF (Prop_ibuf_I_O)         0.967     5.967 r  rst_ni_IBUF_inst/O
                         net (fo=1, routed)           2.210     8.177    u_core/register_file_wrapper_i/register_file_i/rst_ni_IBUF
    SLICE_X0Y15          LUT1 (Prop_lut1_I0_O)        0.124     8.301 f  u_core/register_file_wrapper_i/register_file_i/irq_q[7]_i_1/O
                         net (fo=2442, routed)        5.719    14.020    u_core/register_file_wrapper_i/register_file_i/rst_ni
    SLICE_X55Y42         FDCE                                         f  u_core/register_file_wrapper_i/register_file_i/gen_rf[22].mem_reg[22][2]/CLR
  -------------------------------------------------------------------    -------------------

                         (clock sys_clk rise edge)   20.000    20.000 r  
    N15                                               0.000    20.000 r  clk_i (IN)
                         net (fo=0)                   0.000    20.000    clk_i
    N15                  IBUF (Prop_ibuf_I_O)         0.828    20.828 r  clk_i_IBUF_inst/O
                         net (fo=1, routed)           1.868    22.696    clk_i_IBUF
    BUFGCTRL_X0Y0        BUFG (Prop_bufg_I_O)         0.091    22.787 r  clk_i_IBUF_BUFG_inst/O
                         net (fo=2478, routed)        1.451    24.239    u_core/register_file_wrapper_i/register_file_i/clk_i_IBUF_BUFG
    SLICE_X55Y42         FDCE                                         r  u_core/register_file_wrapper_i/register_file_i/gen_rf[22].mem_reg[22][2]/C
                         clock pessimism              0.000    24.239    
                         clock uncertainty           -0.035    24.203    
    SLICE_X55Y42         FDCE (Recov_fdce_C_CLR)     -0.405    23.798    u_core/register_file_wrapper_i/register_file_i/gen_rf[22].mem_reg[22][2]
  -------------------------------------------------------------------
                         required time                         23.798    
                         arrival time                         -14.020    
  -------------------------------------------------------------------
                         slack                                  9.779    

Slack (MET) :             9.788ns  (required time - arrival time)
  Source:                 rst_ni
                            (input port clocked by sys_clk  {rise@0.000ns fall@10.000ns period=20.000ns})
  Destination:            u_core/register_file_wrapper_i/register_file_i/gen_rf[16].mem_reg[16][2]/CLR
                            (recovery check against rising-edge clock sys_clk  {rise@0.000ns fall@10.000ns period=20.000ns})
  Path Group:             **async_default**
  Path Type:              Recovery (Max at Slow Process Corner)
  Requirement:            20.000ns  (sys_clk rise@20.000ns - sys_clk rise@0.000ns)
  Data Path Delay:        9.095ns  (logic 1.091ns (11.991%)  route 8.004ns (88.009%))
  Logic Levels:           2  (IBUF=1 LUT1=1)
  Input Delay:            5.000ns
  Clock Path Skew:        4.238ns (DCD - SCD + CPR)
    Destination Clock Delay (DCD):    4.238ns = ( 24.238 - 20.000 ) 
    Source Clock Delay      (SCD):    0.000ns
    Clock Pessimism Removal (CPR):    0.000ns
  Clock Uncertainty:      0.035ns  ((TSJ^2 + TIJ^2)^1/2 + DJ) / 2 + PE
    Total System Jitter     (TSJ):    0.071ns
    Total Input Jitter      (TIJ):    0.000ns
    Discrete Jitter          (DJ):    0.000ns
    Phase Error              (PE):    0.000ns

    Location             Delay type                Incr(ns)  Path(ns)    Netlist Resource(s)
  -------------------------------------------------------------------    -------------------
                         (clock sys_clk rise edge)    0.000     0.000 r  
                         input delay                  5.000     5.000    
    U18                                               0.000     5.000 r  rst_ni (IN)
                         net (fo=0)                   0.000     5.000    rst_ni
    U18                  IBUF (Prop_ibuf_I_O)         0.967     5.967 r  rst_ni_IBUF_inst/O
                         net (fo=1, routed)           2.210     8.177    u_core/register_file_wrapper_i/register_file_i/rst_ni_IBUF
    SLICE_X0Y15          LUT1 (Prop_lut1_I0_O)        0.124     8.301 f  u_core/register_file_wrapper_i/register_file_i/irq_q[7]_i_1/O
                         net (fo=2442, routed)        5.794    14.095    u_core/register_file_wrapper_i/register_file_i/rst_ni
    SLICE_X54Y39         FDCE                                         f  u_core/register_file_wrapper_i/register_file_i/gen_rf[16].mem_reg[16][2]/CLR
  -------------------------------------------------------------------    -------------------

                         (clock sys_clk rise edge)   20.000    20.000 r  
    N15                                               0.000    20.000 r  clk_i (IN)
                         net (fo=0)                   0.000    20.000    clk_i
    N15                  IBUF (Prop_ibuf_I_O)         0.828    20.828 r  clk_i_IBUF_inst/O
                         net (fo=1, routed)           1.868    22.696    clk_i_IBUF
    BUFGCTRL_X0Y0        BUFG (Prop_bufg_I_O)         0.091    22.787 r  clk_i_IBUF_BUFG_inst/O
                         net (fo=2478, routed)        1.450    24.238    u_core/register_file_wrapper_i/register_file_i/clk_i_IBUF_BUFG
    SLICE_X54Y39         FDCE                                         r  u_core/register_file_wrapper_i/register_file_i/gen_rf[16].mem_reg[16][2]/C
                         clock pessimism              0.000    24.238    
                         clock uncertainty           -0.035    24.202    
    SLICE_X54Y39         FDCE (Recov_fdce_C_CLR)     -0.319    23.883    u_core/register_file_wrapper_i/register_file_i/gen_rf[16].mem_reg[16][2]
  -------------------------------------------------------------------
                         required time                         23.883    
                         arrival time                         -14.095    
  -------------------------------------------------------------------
                         slack                                  9.788    

Slack (MET) :             9.788ns  (required time - arrival time)
  Source:                 rst_ni
                            (input port clocked by sys_clk  {rise@0.000ns fall@10.000ns period=20.000ns})
  Destination:            u_core/register_file_wrapper_i/register_file_i/gen_rf[16].mem_reg[16][3]/CLR
                            (recovery check against rising-edge clock sys_clk  {rise@0.000ns fall@10.000ns period=20.000ns})
  Path Group:             **async_default**
  Path Type:              Recovery (Max at Slow Process Corner)
  Requirement:            20.000ns  (sys_clk rise@20.000ns - sys_clk rise@0.000ns)
  Data Path Delay:        9.095ns  (logic 1.091ns (11.991%)  route 8.004ns (88.009%))
  Logic Levels:           2  (IBUF=1 LUT1=1)
  Input Delay:            5.000ns
  Clock Path Skew:        4.238ns (DCD - SCD + CPR)
    Destination Clock Delay (DCD):    4.238ns = ( 24.238 - 20.000 ) 
    Source Clock Delay      (SCD):    0.000ns
    Clock Pessimism Removal (CPR):    0.000ns
  Clock Uncertainty:      0.035ns  ((TSJ^2 + TIJ^2)^1/2 + DJ) / 2 + PE
    Total System Jitter     (TSJ):    0.071ns
    Total Input Jitter      (TIJ):    0.000ns
    Discrete Jitter          (DJ):    0.000ns
    Phase Error              (PE):    0.000ns

    Location             Delay type                Incr(ns)  Path(ns)    Netlist Resource(s)
  -------------------------------------------------------------------    -------------------
                         (clock sys_clk rise edge)    0.000     0.000 r  
                         input delay                  5.000     5.000    
    U18                                               0.000     5.000 r  rst_ni (IN)
                         net (fo=0)                   0.000     5.000    rst_ni
    U18                  IBUF (Prop_ibuf_I_O)         0.967     5.967 r  rst_ni_IBUF_inst/O
                         net (fo=1, routed)           2.210     8.177    u_core/register_file_wrapper_i/register_file_i/rst_ni_IBUF
    SLICE_X0Y15          LUT1 (Prop_lut1_I0_O)        0.124     8.301 f  u_core/register_file_wrapper_i/register_file_i/irq_q[7]_i_1/O
                         net (fo=2442, routed)        5.794    14.095    u_core/register_file_wrapper_i/register_file_i/rst_ni
    SLICE_X54Y39         FDCE                                         f  u_core/register_file_wrapper_i/register_file_i/gen_rf[16].mem_reg[16][3]/CLR
  -------------------------------------------------------------------    -------------------

                         (clock sys_clk rise edge)   20.000    20.000 r  
    N15                                               0.000    20.000 r  clk_i (IN)
                         net (fo=0)                   0.000    20.000    clk_i
    N15                  IBUF (Prop_ibuf_I_O)         0.828    20.828 r  clk_i_IBUF_inst/O
                         net (fo=1, routed)           1.868    22.696    clk_i_IBUF
    BUFGCTRL_X0Y0        BUFG (Prop_bufg_I_O)         0.091    22.787 r  clk_i_IBUF_BUFG_inst/O
                         net (fo=2478, routed)        1.450    24.238    u_core/register_file_wrapper_i/register_file_i/clk_i_IBUF_BUFG
    SLICE_X54Y39         FDCE                                         r  u_core/register_file_wrapper_i/register_file_i/gen_rf[16].mem_reg[16][3]/C
                         clock pessimism              0.000    24.238    
                         clock uncertainty           -0.035    24.202    
    SLICE_X54Y39         FDCE (Recov_fdce_C_CLR)     -0.319    23.883    u_core/register_file_wrapper_i/register_file_i/gen_rf[16].mem_reg[16][3]
  -------------------------------------------------------------------
                         required time                         23.883    
                         arrival time                         -14.095    
  -------------------------------------------------------------------
                         slack                                  9.788    

Slack (MET) :             9.840ns  (required time - arrival time)
  Source:                 rst_ni
                            (input port clocked by sys_clk  {rise@0.000ns fall@10.000ns period=20.000ns})
  Destination:            u_core/if_stage_i/prefetch_unit_i/alignment_buffer_i/resp_q_reg[1][bus_resp][rdata][23]/CLR
                            (recovery check against rising-edge clock sys_clk  {rise@0.000ns fall@10.000ns period=20.000ns})
  Path Group:             **async_default**
  Path Type:              Recovery (Max at Slow Process Corner)
  Requirement:            20.000ns  (sys_clk rise@20.000ns - sys_clk rise@0.000ns)
  Data Path Delay:        9.109ns  (logic 1.091ns (11.973%)  route 8.018ns (88.027%))
  Logic Levels:           2  (IBUF=1 LUT1=1)
  Input Delay:            5.000ns
  Clock Path Skew:        4.304ns (DCD - SCD + CPR)
    Destination Clock Delay (DCD):    4.304ns = ( 24.304 - 20.000 ) 
    Source Clock Delay      (SCD):    0.000ns
    Clock Pessimism Removal (CPR):    0.000ns
  Clock Uncertainty:      0.035ns  ((TSJ^2 + TIJ^2)^1/2 + DJ) / 2 + PE
    Total System Jitter     (TSJ):    0.071ns
    Total Input Jitter      (TIJ):    0.000ns
    Discrete Jitter          (DJ):    0.000ns
    Phase Error              (PE):    0.000ns

    Location             Delay type                Incr(ns)  Path(ns)    Netlist Resource(s)
  -------------------------------------------------------------------    -------------------
                         (clock sys_clk rise edge)    0.000     0.000 r  
                         input delay                  5.000     5.000    
    U18                                               0.000     5.000 r  rst_ni (IN)
                         net (fo=0)                   0.000     5.000    rst_ni
    U18                  IBUF (Prop_ibuf_I_O)         0.967     5.967 r  rst_ni_IBUF_inst/O
                         net (fo=1, routed)           2.210     8.177    u_core/register_file_wrapper_i/register_file_i/rst_ni_IBUF
    SLICE_X0Y15          LUT1 (Prop_lut1_I0_O)        0.124     8.301 f  u_core/register_file_wrapper_i/register_file_i/irq_q[7]_i_1/O
                         net (fo=2442, routed)        5.808    14.109    u_core/if_stage_i/prefetch_unit_i/alignment_buffer_i/resp_q_reg[2][mpu_status][0]_0
    SLICE_X6Y42          FDCE                                         f  u_core/if_stage_i/prefetch_unit_i/alignment_buffer_i/resp_q_reg[1][bus_resp][rdata][23]/CLR
  -------------------------------------------------------------------    -------------------

                         (clock sys_clk rise edge)   20.000    20.000 r  
    N15                                               0.000    20.000 r  clk_i (IN)
                         net (fo=0)                   0.000    20.000    clk_i
    N15                  IBUF (Prop_ibuf_I_O)         0.828    20.828 r  clk_i_IBUF_inst/O
                         net (fo=1, routed)           1.868    22.696    clk_i_IBUF
    BUFGCTRL_X0Y0        BUFG (Prop_bufg_I_O)         0.091    22.787 r  clk_i_IBUF_BUFG_inst/O
                         net (fo=2478, routed)        1.516    24.304    u_core/if_stage_i/prefetch_unit_i/alignment_buffer_i/clk_i_IBUF_BUFG
    SLICE_X6Y42          FDCE                                         r  u_core/if_stage_i/prefetch_unit_i/alignment_buffer_i/resp_q_reg[1][bus_resp][rdata][23]/C
                         clock pessimism              0.000    24.304    
                         clock uncertainty           -0.035    24.268    
    SLICE_X6Y42          FDCE (Recov_fdce_C_CLR)     -0.319    23.949    u_core/if_stage_i/prefetch_unit_i/alignment_buffer_i/resp_q_reg[1][bus_resp][rdata][23]
  -------------------------------------------------------------------
                         required time                         23.949    
                         arrival time                         -14.109    
  -------------------------------------------------------------------
                         slack                                  9.840    

Slack (MET) :             9.840ns  (required time - arrival time)
  Source:                 rst_ni
                            (input port clocked by sys_clk  {rise@0.000ns fall@10.000ns period=20.000ns})
  Destination:            u_core/if_stage_i/prefetch_unit_i/alignment_buffer_i/resp_q_reg[1][bus_resp][rdata][29]/CLR
                            (recovery check against rising-edge clock sys_clk  {rise@0.000ns fall@10.000ns period=20.000ns})
  Path Group:             **async_default**
  Path Type:              Recovery (Max at Slow Process Corner)
  Requirement:            20.000ns  (sys_clk rise@20.000ns - sys_clk rise@0.000ns)
  Data Path Delay:        9.109ns  (logic 1.091ns (11.973%)  route 8.018ns (88.027%))
  Logic Levels:           2  (IBUF=1 LUT1=1)
  Input Delay:            5.000ns
  Clock Path Skew:        4.304ns (DCD - SCD + CPR)
    Destination Clock Delay (DCD):    4.304ns = ( 24.304 - 20.000 ) 
    Source Clock Delay      (SCD):    0.000ns
    Clock Pessimism Removal (CPR):    0.000ns
  Clock Uncertainty:      0.035ns  ((TSJ^2 + TIJ^2)^1/2 + DJ) / 2 + PE
    Total System Jitter     (TSJ):    0.071ns
    Total Input Jitter      (TIJ):    0.000ns
    Discrete Jitter          (DJ):    0.000ns
    Phase Error              (PE):    0.000ns

    Location             Delay type                Incr(ns)  Path(ns)    Netlist Resource(s)
  -------------------------------------------------------------------    -------------------
                         (clock sys_clk rise edge)    0.000     0.000 r  
                         input delay                  5.000     5.000    
    U18                                               0.000     5.000 r  rst_ni (IN)
                         net (fo=0)                   0.000     5.000    rst_ni
    U18                  IBUF (Prop_ibuf_I_O)         0.967     5.967 r  rst_ni_IBUF_inst/O
                         net (fo=1, routed)           2.210     8.177    u_core/register_file_wrapper_i/register_file_i/rst_ni_IBUF
    SLICE_X0Y15          LUT1 (Prop_lut1_I0_O)        0.124     8.301 f  u_core/register_file_wrapper_i/register_file_i/irq_q[7]_i_1/O
                         net (fo=2442, routed)        5.808    14.109    u_core/if_stage_i/prefetch_unit_i/alignment_buffer_i/resp_q_reg[2][mpu_status][0]_0
    SLICE_X6Y42          FDCE                                         f  u_core/if_stage_i/prefetch_unit_i/alignment_buffer_i/resp_q_reg[1][bus_resp][rdata][29]/CLR
  -------------------------------------------------------------------    -------------------

                         (clock sys_clk rise edge)   20.000    20.000 r  
    N15                                               0.000    20.000 r  clk_i (IN)
                         net (fo=0)                   0.000    20.000    clk_i
    N15                  IBUF (Prop_ibuf_I_O)         0.828    20.828 r  clk_i_IBUF_inst/O
                         net (fo=1, routed)           1.868    22.696    clk_i_IBUF
    BUFGCTRL_X0Y0        BUFG (Prop_bufg_I_O)         0.091    22.787 r  clk_i_IBUF_BUFG_inst/O
                         net (fo=2478, routed)        1.516    24.304    u_core/if_stage_i/prefetch_unit_i/alignment_buffer_i/clk_i_IBUF_BUFG
    SLICE_X6Y42          FDCE                                         r  u_core/if_stage_i/prefetch_unit_i/alignment_buffer_i/resp_q_reg[1][bus_resp][rdata][29]/C
                         clock pessimism              0.000    24.304    
                         clock uncertainty           -0.035    24.268    
    SLICE_X6Y42          FDCE (Recov_fdce_C_CLR)     -0.319    23.949    u_core/if_stage_i/prefetch_unit_i/alignment_buffer_i/resp_q_reg[1][bus_resp][rdata][29]
  -------------------------------------------------------------------
                         required time                         23.949    
                         arrival time                         -14.109    
  -------------------------------------------------------------------
                         slack                                  9.840    





Min Delay Paths
--------------------------------------------------------------------------------------
Slack (MET) :             0.350ns  (arrival time - required time)
  Source:                 rst_ni
                            (input port clocked by sys_clk  {rise@0.000ns fall@10.000ns period=20.000ns})
  Destination:            u_core/id_stage_i/id_ex_pipe_o_reg[alu_operand_b][4]/CLR
                            (removal check against rising-edge clock sys_clk  {rise@0.000ns fall@10.000ns period=20.000ns})
  Path Group:             **async_default**
  Path Type:              Removal (Min at Slow Process Corner)
  Requirement:            0.000ns  (sys_clk rise@0.000ns - sys_clk rise@0.000ns)
  Data Path Delay:        3.827ns  (logic 0.933ns (24.379%)  route 2.894ns (75.621%))
  Logic Levels:           2  (IBUF=1 LUT1=1)
  Input Delay:            1.000ns
  Clock Path Skew:        4.597ns (DCD - SCD - CPR)
    Destination Clock Delay (DCD):    4.597ns
    Source Clock Delay      (SCD):    0.000ns
    Clock Pessimism Removal (CPR):    -0.000ns
  Clock Uncertainty:      0.035ns  ((TSJ^2 + TIJ^2)^1/2 + DJ) / 2 + PE
    Total System Jitter     (TSJ):    0.071ns
    Total Input Jitter      (TIJ):    0.000ns
    Discrete Jitter          (DJ):    0.000ns
    Phase Error              (PE):    0.000ns

    Location             Delay type                Incr(ns)  Path(ns)    Netlist Resource(s)
  -------------------------------------------------------------------    -------------------
                         (clock sys_clk rise edge)    0.000     0.000 r  
                         input delay                  1.000     1.000    
    U18                                               0.000     1.000 r  rst_ni (IN)
                         net (fo=0)                   0.000     1.000    rst_ni
    U18                  IBUF (Prop_ibuf_I_O)         0.833     1.833 r  rst_ni_IBUF_inst/O
                         net (fo=1, routed)           1.925     3.758    u_core/register_file_wrapper_i/register_file_i/rst_ni_IBUF
    SLICE_X0Y15          LUT1 (Prop_lut1_I0_O)        0.100     3.858 f  u_core/register_file_wrapper_i/register_file_i/irq_q[7]_i_1/O
                         net (fo=2442, routed)        0.969     4.827    u_core/id_stage_i/id_ex_pipe_o_reg[instr_valid]_6
    SLICE_X14Y9          FDCE                                         f  u_core/id_stage_i/id_ex_pipe_o_reg[alu_operand_b][4]/CLR
  -------------------------------------------------------------------    -------------------

                         (clock sys_clk rise edge)    0.000     0.000 r  
    N15                                               0.000     0.000 r  clk_i (IN)
                         net (fo=0)                   0.000     0.000    clk_i
    N15                  IBUF (Prop_ibuf_I_O)         0.962     0.962 r  clk_i_IBUF_inst/O
                         net (fo=1, routed)           1.972     2.933    clk_i_IBUF
    BUFGCTRL_X0Y0        BUFG (Prop_bufg_I_O)         0.096     3.029 r  clk_i_IBUF_BUFG_inst/O
                         net (fo=2478, routed)        1.567     4.597    u_core/id_stage_i/clk_i_IBUF_BUFG
    SLICE_X14Y9          FDCE                                         r  u_core/id_stage_i/id_ex_pipe_o_reg[alu_operand_b][4]/C
                         clock pessimism              0.000     4.597    
                         clock uncertainty            0.035     4.632    
    SLICE_X14Y9          FDCE (Remov_fdce_C_CLR)     -0.155     4.477    u_core/id_stage_i/id_ex_pipe_o_reg[alu_operand_b][4]
  -------------------------------------------------------------------
                         required time                         -4.477    
                         arrival time                           4.827    
  -------------------------------------------------------------------
                         slack                                  0.350    

Slack (MET) :             0.350ns  (arrival time - required time)
  Source:                 rst_ni
                            (input port clocked by sys_clk  {rise@0.000ns fall@10.000ns period=20.000ns})
  Destination:            u_core/id_stage_i/id_ex_pipe_o_reg[alu_operand_b][5]/CLR
                            (removal check against rising-edge clock sys_clk  {rise@0.000ns fall@10.000ns period=20.000ns})
  Path Group:             **async_default**
  Path Type:              Removal (Min at Slow Process Corner)
  Requirement:            0.000ns  (sys_clk rise@0.000ns - sys_clk rise@0.000ns)
  Data Path Delay:        3.827ns  (logic 0.933ns (24.379%)  route 2.894ns (75.621%))
  Logic Levels:           2  (IBUF=1 LUT1=1)
  Input Delay:            1.000ns
  Clock Path Skew:        4.597ns (DCD - SCD - CPR)
    Destination Clock Delay (DCD):    4.597ns
    Source Clock Delay      (SCD):    0.000ns
    Clock Pessimism Removal (CPR):    -0.000ns
  Clock Uncertainty:      0.035ns  ((TSJ^2 + TIJ^2)^1/2 + DJ) / 2 + PE
    Total System Jitter     (TSJ):    0.071ns
    Total Input Jitter      (TIJ):    0.000ns
    Discrete Jitter          (DJ):    0.000ns
    Phase Error              (PE):    0.000ns

    Location             Delay type                Incr(ns)  Path(ns)    Netlist Resource(s)
  -------------------------------------------------------------------    -------------------
                         (clock sys_clk rise edge)    0.000     0.000 r  
                         input delay                  1.000     1.000    
    U18                                               0.000     1.000 r  rst_ni (IN)
                         net (fo=0)                   0.000     1.000    rst_ni
    U18                  IBUF (Prop_ibuf_I_O)         0.833     1.833 r  rst_ni_IBUF_inst/O
                         net (fo=1, routed)           1.925     3.758    u_core/register_file_wrapper_i/register_file_i/rst_ni_IBUF
    SLICE_X0Y15          LUT1 (Prop_lut1_I0_O)        0.100     3.858 f  u_core/register_file_wrapper_i/register_file_i/irq_q[7]_i_1/O
                         net (fo=2442, routed)        0.969     4.827    u_core/id_stage_i/id_ex_pipe_o_reg[instr_valid]_6
    SLICE_X14Y9          FDCE                                         f  u_core/id_stage_i/id_ex_pipe_o_reg[alu_operand_b][5]/CLR
  -------------------------------------------------------------------    -------------------

                         (clock sys_clk rise edge)    0.000     0.000 r  
    N15                                               0.000     0.000 r  clk_i (IN)
                         net (fo=0)                   0.000     0.000    clk_i
    N15                  IBUF (Prop_ibuf_I_O)         0.962     0.962 r  clk_i_IBUF_inst/O
                         net (fo=1, routed)           1.972     2.933    clk_i_IBUF
    BUFGCTRL_X0Y0        BUFG (Prop_bufg_I_O)         0.096     3.029 r  clk_i_IBUF_BUFG_inst/O
                         net (fo=2478, routed)        1.567     4.597    u_core/id_stage_i/clk_i_IBUF_BUFG
    SLICE_X14Y9          FDCE                                         r  u_core/id_stage_i/id_ex_pipe_o_reg[alu_operand_b][5]/C
                         clock pessimism              0.000     4.597    
                         clock uncertainty            0.035     4.632    
    SLICE_X14Y9          FDCE (Remov_fdce_C_CLR)     -0.155     4.477    u_core/id_stage_i/id_ex_pipe_o_reg[alu_operand_b][5]
  -------------------------------------------------------------------
                         required time                         -4.477    
                         arrival time                           4.827    
  -------------------------------------------------------------------
                         slack                                  0.350    

Slack (MET) :             0.350ns  (arrival time - required time)
  Source:                 rst_ni
                            (input port clocked by sys_clk  {rise@0.000ns fall@10.000ns period=20.000ns})
  Destination:            u_core/id_stage_i/id_ex_pipe_o_reg[alu_operand_b][6]/CLR
                            (removal check against rising-edge clock sys_clk  {rise@0.000ns fall@10.000ns period=20.000ns})
  Path Group:             **async_default**
  Path Type:              Removal (Min at Slow Process Corner)
  Requirement:            0.000ns  (sys_clk rise@0.000ns - sys_clk rise@0.000ns)
  Data Path Delay:        3.827ns  (logic 0.933ns (24.379%)  route 2.894ns (75.621%))
  Logic Levels:           2  (IBUF=1 LUT1=1)
  Input Delay:            1.000ns
  Clock Path Skew:        4.597ns (DCD - SCD - CPR)
    Destination Clock Delay (DCD):    4.597ns
    Source Clock Delay      (SCD):    0.000ns
    Clock Pessimism Removal (CPR):    -0.000ns
  Clock Uncertainty:      0.035ns  ((TSJ^2 + TIJ^2)^1/2 + DJ) / 2 + PE
    Total System Jitter     (TSJ):    0.071ns
    Total Input Jitter      (TIJ):    0.000ns
    Discrete Jitter          (DJ):    0.000ns
    Phase Error              (PE):    0.000ns

    Location             Delay type                Incr(ns)  Path(ns)    Netlist Resource(s)
  -------------------------------------------------------------------    -------------------
                         (clock sys_clk rise edge)    0.000     0.000 r  
                         input delay                  1.000     1.000    
    U18                                               0.000     1.000 r  rst_ni (IN)
                         net (fo=0)                   0.000     1.000    rst_ni
    U18                  IBUF (Prop_ibuf_I_O)         0.833     1.833 r  rst_ni_IBUF_inst/O
                         net (fo=1, routed)           1.925     3.758    u_core/register_file_wrapper_i/register_file_i/rst_ni_IBUF
    SLICE_X0Y15          LUT1 (Prop_lut1_I0_O)        0.100     3.858 f  u_core/register_file_wrapper_i/register_file_i/irq_q[7]_i_1/O
                         net (fo=2442, routed)        0.969     4.827    u_core/id_stage_i/id_ex_pipe_o_reg[instr_valid]_6
    SLICE_X14Y9          FDCE                                         f  u_core/id_stage_i/id_ex_pipe_o_reg[alu_operand_b][6]/CLR
  -------------------------------------------------------------------    -------------------

                         (clock sys_clk rise edge)    0.000     0.000 r  
    N15                                               0.000     0.000 r  clk_i (IN)
                         net (fo=0)                   0.000     0.000    clk_i
    N15                  IBUF (Prop_ibuf_I_O)         0.962     0.962 r  clk_i_IBUF_inst/O
                         net (fo=1, routed)           1.972     2.933    clk_i_IBUF
    BUFGCTRL_X0Y0        BUFG (Prop_bufg_I_O)         0.096     3.029 r  clk_i_IBUF_BUFG_inst/O
                         net (fo=2478, routed)        1.567     4.597    u_core/id_stage_i/clk_i_IBUF_BUFG
    SLICE_X14Y9          FDCE                                         r  u_core/id_stage_i/id_ex_pipe_o_reg[alu_operand_b][6]/C
                         clock pessimism              0.000     4.597    
                         clock uncertainty            0.035     4.632    
    SLICE_X14Y9          FDCE (Remov_fdce_C_CLR)     -0.155     4.477    u_core/id_stage_i/id_ex_pipe_o_reg[alu_operand_b][6]
  -------------------------------------------------------------------
                         required time                         -4.477    
                         arrival time                           4.827    
  -------------------------------------------------------------------
                         slack                                  0.350    

Slack (MET) :             0.372ns  (arrival time - required time)
  Source:                 rst_ni
                            (input port clocked by sys_clk  {rise@0.000ns fall@10.000ns period=20.000ns})
  Destination:            u_core/controller_i/controller_fsm_i/FSM_sequential_ctrl_fsm_cs_reg[0]/PRE
                            (removal check against rising-edge clock sys_clk  {rise@0.000ns fall@10.000ns period=20.000ns})
  Path Group:             **async_default**
  Path Type:              Removal (Min at Slow Process Corner)
  Requirement:            0.000ns  (sys_clk rise@0.000ns - sys_clk rise@0.000ns)
  Data Path Delay:        3.860ns  (logic 0.933ns (24.169%)  route 2.927ns (75.831%))
  Logic Levels:           2  (IBUF=1 LUT1=1)
  Input Delay:            1.000ns
  Clock Path Skew:        4.661ns (DCD - SCD - CPR)
    Destination Clock Delay (DCD):    4.661ns
    Source Clock Delay      (SCD):    0.000ns
    Clock Pessimism Removal (CPR):    -0.000ns
  Clock Uncertainty:      0.035ns  ((TSJ^2 + TIJ^2)^1/2 + DJ) / 2 + PE
    Total System Jitter     (TSJ):    0.071ns
    Total Input Jitter      (TIJ):    0.000ns
    Discrete Jitter          (DJ):    0.000ns
    Phase Error              (PE):    0.000ns

    Location             Delay type                Incr(ns)  Path(ns)    Netlist Resource(s)
  -------------------------------------------------------------------    -------------------
                         (clock sys_clk rise edge)    0.000     0.000 r  
                         input delay                  1.000     1.000    
    U18                                               0.000     1.000 r  rst_ni (IN)
                         net (fo=0)                   0.000     1.000    rst_ni
    U18                  IBUF (Prop_ibuf_I_O)         0.833     1.833 r  rst_ni_IBUF_inst/O
                         net (fo=1, routed)           1.925     3.758    u_core/register_file_wrapper_i/register_file_i/rst_ni_IBUF
    SLICE_X0Y15          LUT1 (Prop_lut1_I0_O)        0.100     3.858 f  u_core/register_file_wrapper_i/register_file_i/irq_q[7]_i_1/O
                         net (fo=2442, routed)        1.002     4.860    u_core/controller_i/controller_fsm_i/wb_counter_event_reg_0
    SLICE_X1Y15          FDPE                                         f  u_core/controller_i/controller_fsm_i/FSM_sequential_ctrl_fsm_cs_reg[0]/PRE
  -------------------------------------------------------------------    -------------------

                         (clock sys_clk rise edge)    0.000     0.000 r  
    N15                                               0.000     0.000 r  clk_i (IN)
                         net (fo=0)                   0.000     0.000    clk_i
    N15                  IBUF (Prop_ibuf_I_O)         0.962     0.962 r  clk_i_IBUF_inst/O
                         net (fo=1, routed)           1.972     2.933    clk_i_IBUF
    BUFGCTRL_X0Y0        BUFG (Prop_bufg_I_O)         0.096     3.029 r  clk_i_IBUF_BUFG_inst/O
                         net (fo=2478, routed)        1.631     4.661    u_core/controller_i/controller_fsm_i/clk_i_IBUF_BUFG
    SLICE_X1Y15          FDPE                                         r  u_core/controller_i/controller_fsm_i/FSM_sequential_ctrl_fsm_cs_reg[0]/C
                         clock pessimism              0.000     4.661    
                         clock uncertainty            0.035     4.696    
    SLICE_X1Y15          FDPE (Remov_fdpe_C_PRE)     -0.208     4.488    u_core/controller_i/controller_fsm_i/FSM_sequential_ctrl_fsm_cs_reg[0]
  -------------------------------------------------------------------
                         required time                         -4.488    
                         arrival time                           4.860    
  -------------------------------------------------------------------
                         slack                                  0.372    

Slack (MET) :             0.372ns  (arrival time - required time)
  Source:                 rst_ni
                            (input port clocked by sys_clk  {rise@0.000ns fall@10.000ns period=20.000ns})
  Destination:            u_core/controller_i/controller_fsm_i/FSM_sequential_ctrl_fsm_cs_reg[1]/PRE
                            (removal check against rising-edge clock sys_clk  {rise@0.000ns fall@10.000ns period=20.000ns})
  Path Group:             **async_default**
  Path Type:              Removal (Min at Slow Process Corner)
  Requirement:            0.000ns  (sys_clk rise@0.000ns - sys_clk rise@0.000ns)
  Data Path Delay:        3.860ns  (logic 0.933ns (24.169%)  route 2.927ns (75.831%))
  Logic Levels:           2  (IBUF=1 LUT1=1)
  Input Delay:            1.000ns
  Clock Path Skew:        4.661ns (DCD - SCD - CPR)
    Destination Clock Delay (DCD):    4.661ns
    Source Clock Delay      (SCD):    0.000ns
    Clock Pessimism Removal (CPR):    -0.000ns
  Clock Uncertainty:      0.035ns  ((TSJ^2 + TIJ^2)^1/2 + DJ) / 2 + PE
    Total System Jitter     (TSJ):    0.071ns
    Total Input Jitter      (TIJ):    0.000ns
    Discrete Jitter          (DJ):    0.000ns
    Phase Error              (PE):    0.000ns

    Location             Delay type                Incr(ns)  Path(ns)    Netlist Resource(s)
  -------------------------------------------------------------------    -------------------
                         (clock sys_clk rise edge)    0.000     0.000 r  
                         input delay                  1.000     1.000    
    U18                                               0.000     1.000 r  rst_ni (IN)
                         net (fo=0)                   0.000     1.000    rst_ni
    U18                  IBUF (Prop_ibuf_I_O)         0.833     1.833 r  rst_ni_IBUF_inst/O
                         net (fo=1, routed)           1.925     3.758    u_core/register_file_wrapper_i/register_file_i/rst_ni_IBUF
    SLICE_X0Y15          LUT1 (Prop_lut1_I0_O)        0.100     3.858 f  u_core/register_file_wrapper_i/register_file_i/irq_q[7]_i_1/O
                         net (fo=2442, routed)        1.002     4.860    u_core/controller_i/controller_fsm_i/wb_counter_event_reg_0
    SLICE_X1Y15          FDPE                                         f  u_core/controller_i/controller_fsm_i/FSM_sequential_ctrl_fsm_cs_reg[1]/PRE
  -------------------------------------------------------------------    -------------------

                         (clock sys_clk rise edge)    0.000     0.000 r  
    N15                                               0.000     0.000 r  clk_i (IN)
                         net (fo=0)                   0.000     0.000    clk_i
    N15                  IBUF (Prop_ibuf_I_O)         0.962     0.962 r  clk_i_IBUF_inst/O
                         net (fo=1, routed)           1.972     2.933    clk_i_IBUF
    BUFGCTRL_X0Y0        BUFG (Prop_bufg_I_O)         0.096     3.029 r  clk_i_IBUF_BUFG_inst/O
                         net (fo=2478, routed)        1.631     4.661    u_core/controller_i/controller_fsm_i/clk_i_IBUF_BUFG
    SLICE_X1Y15          FDPE                                         r  u_core/controller_i/controller_fsm_i/FSM_sequential_ctrl_fsm_cs_reg[1]/C
                         clock pessimism              0.000     4.661    
                         clock uncertainty            0.035     4.696    
    SLICE_X1Y15          FDPE (Remov_fdpe_C_PRE)     -0.208     4.488    u_core/controller_i/controller_fsm_i/FSM_sequential_ctrl_fsm_cs_reg[1]
  -------------------------------------------------------------------
                         required time                         -4.488    
                         arrival time                           4.860    
  -------------------------------------------------------------------
                         slack                                  0.372    

Slack (MET) :             0.372ns  (arrival time - required time)
  Source:                 rst_ni
                            (input port clocked by sys_clk  {rise@0.000ns fall@10.000ns period=20.000ns})
  Destination:            u_core/controller_i/controller_fsm_i/sequence_in_progress_wb_reg/CLR
                            (removal check against rising-edge clock sys_clk  {rise@0.000ns fall@10.000ns period=20.000ns})
  Path Group:             **async_default**
  Path Type:              Removal (Min at Slow Process Corner)
  Requirement:            0.000ns  (sys_clk rise@0.000ns - sys_clk rise@0.000ns)
  Data Path Delay:        3.860ns  (logic 0.933ns (24.169%)  route 2.927ns (75.831%))
  Logic Levels:           2  (IBUF=1 LUT1=1)
  Input Delay:            1.000ns
  Clock Path Skew:        4.661ns (DCD - SCD - CPR)
    Destination Clock Delay (DCD):    4.661ns
    Source Clock Delay      (SCD):    0.000ns
    Clock Pessimism Removal (CPR):    -0.000ns
  Clock Uncertainty:      0.035ns  ((TSJ^2 + TIJ^2)^1/2 + DJ) / 2 + PE
    Total System Jitter     (TSJ):    0.071ns
    Total Input Jitter      (TIJ):    0.000ns
    Discrete Jitter          (DJ):    0.000ns
    Phase Error              (PE):    0.000ns

    Location             Delay type                Incr(ns)  Path(ns)    Netlist Resource(s)
  -------------------------------------------------------------------    -------------------
                         (clock sys_clk rise edge)    0.000     0.000 r  
                         input delay                  1.000     1.000    
    U18                                               0.000     1.000 r  rst_ni (IN)
                         net (fo=0)                   0.000     1.000    rst_ni
    U18                  IBUF (Prop_ibuf_I_O)         0.833     1.833 r  rst_ni_IBUF_inst/O
                         net (fo=1, routed)           1.925     3.758    u_core/register_file_wrapper_i/register_file_i/rst_ni_IBUF
    SLICE_X0Y15          LUT1 (Prop_lut1_I0_O)        0.100     3.858 f  u_core/register_file_wrapper_i/register_file_i/irq_q[7]_i_1/O
                         net (fo=2442, routed)        1.002     4.860    u_core/controller_i/controller_fsm_i/wb_counter_event_reg_0
    SLICE_X1Y15          FDCE                                         f  u_core/controller_i/controller_fsm_i/sequence_in_progress_wb_reg/CLR
  -------------------------------------------------------------------    -------------------

                         (clock sys_clk rise edge)    0.000     0.000 r  
    N15                                               0.000     0.000 r  clk_i (IN)
                         net (fo=0)                   0.000     0.000    clk_i
    N15                  IBUF (Prop_ibuf_I_O)         0.962     0.962 r  clk_i_IBUF_inst/O
                         net (fo=1, routed)           1.972     2.933    clk_i_IBUF
    BUFGCTRL_X0Y0        BUFG (Prop_bufg_I_O)         0.096     3.029 r  clk_i_IBUF_BUFG_inst/O
                         net (fo=2478, routed)        1.631     4.661    u_core/controller_i/controller_fsm_i/clk_i_IBUF_BUFG
    SLICE_X1Y15          FDCE                                         r  u_core/controller_i/controller_fsm_i/sequence_in_progress_wb_reg/C
                         clock pessimism              0.000     4.661    
                         clock uncertainty            0.035     4.696    
    SLICE_X1Y15          FDCE (Remov_fdce_C_CLR)     -0.208     4.488    u_core/controller_i/controller_fsm_i/sequence_in_progress_wb_reg
  -------------------------------------------------------------------
                         required time                         -4.488    
                         arrival time                           4.860    
  -------------------------------------------------------------------
                         slack                                  0.372    

Slack (MET) :             0.403ns  (arrival time - required time)
  Source:                 rst_ni
                            (input port clocked by sys_clk  {rise@0.000ns fall@10.000ns period=20.000ns})
  Destination:            u_core/id_stage_i/id_ex_pipe_o_reg[alu_operand_a][2]/CLR
                            (removal check against rising-edge clock sys_clk  {rise@0.000ns fall@10.000ns period=20.000ns})
  Path Group:             **async_default**
  Path Type:              Removal (Min at Slow Process Corner)
  Requirement:            0.000ns  (sys_clk rise@0.000ns - sys_clk rise@0.000ns)
  Data Path Delay:        3.827ns  (logic 0.933ns (24.379%)  route 2.894ns (75.621%))
  Logic Levels:           2  (IBUF=1 LUT1=1)
  Input Delay:            1.000ns
  Clock Path Skew:        4.597ns (DCD - SCD - CPR)
    Destination Clock Delay (DCD):    4.597ns
    Source Clock Delay      (SCD):    0.000ns
    Clock Pessimism Removal (CPR):    -0.000ns
  Clock Uncertainty:      0.035ns  ((TSJ^2 + TIJ^2)^1/2 + DJ) / 2 + PE
    Total System Jitter     (TSJ):    0.071ns
    Total Input Jitter      (TIJ):    0.000ns
    Discrete Jitter          (DJ):    0.000ns
    Phase Error              (PE):    0.000ns

    Location             Delay type                Incr(ns)  Path(ns)    Netlist Resource(s)
  -------------------------------------------------------------------    -------------------
                         (clock sys_clk rise edge)    0.000     0.000 r  
                         input delay                  1.000     1.000    
    U18                                               0.000     1.000 r  rst_ni (IN)
                         net (fo=0)                   0.000     1.000    rst_ni
    U18                  IBUF (Prop_ibuf_I_O)         0.833     1.833 r  rst_ni_IBUF_inst/O
                         net (fo=1, routed)           1.925     3.758    u_core/register_file_wrapper_i/register_file_i/rst_ni_IBUF
    SLICE_X0Y15          LUT1 (Prop_lut1_I0_O)        0.100     3.858 f  u_core/register_file_wrapper_i/register_file_i/irq_q[7]_i_1/O
                         net (fo=2442, routed)        0.969     4.827    u_core/id_stage_i/id_ex_pipe_o_reg[instr_valid]_6
    SLICE_X15Y9          FDCE                                         f  u_core/id_stage_i/id_ex_pipe_o_reg[alu_operand_a][2]/CLR
  -------------------------------------------------------------------    -------------------

                         (clock sys_clk rise edge)    0.000     0.000 r  
    N15                                               0.000     0.000 r  clk_i (IN)
                         net (fo=0)                   0.000     0.000    clk_i
    N15                  IBUF (Prop_ibuf_I_O)         0.962     0.962 r  clk_i_IBUF_inst/O
                         net (fo=1, routed)           1.972     2.933    clk_i_IBUF
    BUFGCTRL_X0Y0        BUFG (Prop_bufg_I_O)         0.096     3.029 r  clk_i_IBUF_BUFG_inst/O
                         net (fo=2478, routed)        1.567     4.597    u_core/id_stage_i/clk_i_IBUF_BUFG
    SLICE_X15Y9          FDCE                                         r  u_core/id_stage_i/id_ex_pipe_o_reg[alu_operand_a][2]/C
                         clock pessimism              0.000     4.597    
                         clock uncertainty            0.035     4.632    
    SLICE_X15Y9          FDCE (Remov_fdce_C_CLR)     -0.208     4.424    u_core/id_stage_i/id_ex_pipe_o_reg[alu_operand_a][2]
  -------------------------------------------------------------------
                         required time                         -4.424    
                         arrival time                           4.827    
  -------------------------------------------------------------------
                         slack                                  0.403    

Slack (MET) :             0.403ns  (arrival time - required time)
  Source:                 rst_ni
                            (input port clocked by sys_clk  {rise@0.000ns fall@10.000ns period=20.000ns})
  Destination:            u_core/id_stage_i/id_ex_pipe_o_reg[alu_operand_a][5]/CLR
                            (removal check against rising-edge clock sys_clk  {rise@0.000ns fall@10.000ns period=20.000ns})
  Path Group:             **async_default**
  Path Type:              Removal (Min at Slow Process Corner)
  Requirement:            0.000ns  (sys_clk rise@0.000ns - sys_clk rise@0.000ns)
  Data Path Delay:        3.827ns  (logic 0.933ns (24.379%)  route 2.894ns (75.621%))
  Logic Levels:           2  (IBUF=1 LUT1=1)
  Input Delay:            1.000ns
  Clock Path Skew:        4.597ns (DCD - SCD - CPR)
    Destination Clock Delay (DCD):    4.597ns
    Source Clock Delay      (SCD):    0.000ns
    Clock Pessimism Removal (CPR):    -0.000ns
  Clock Uncertainty:      0.035ns  ((TSJ^2 + TIJ^2)^1/2 + DJ) / 2 + PE
    Total System Jitter     (TSJ):    0.071ns
    Total Input Jitter      (TIJ):    0.000ns
    Discrete Jitter          (DJ):    0.000ns
    Phase Error              (PE):    0.000ns

    Location             Delay type                Incr(ns)  Path(ns)    Netlist Resource(s)
  -------------------------------------------------------------------    -------------------
                         (clock sys_clk rise edge)    0.000     0.000 r  
                         input delay                  1.000     1.000    
    U18                                               0.000     1.000 r  rst_ni (IN)
                         net (fo=0)                   0.000     1.000    rst_ni
    U18                  IBUF (Prop_ibuf_I_O)         0.833     1.833 r  rst_ni_IBUF_inst/O
                         net (fo=1, routed)           1.925     3.758    u_core/register_file_wrapper_i/register_file_i/rst_ni_IBUF
    SLICE_X0Y15          LUT1 (Prop_lut1_I0_O)        0.100     3.858 f  u_core/register_file_wrapper_i/register_file_i/irq_q[7]_i_1/O
                         net (fo=2442, routed)        0.969     4.827    u_core/id_stage_i/id_ex_pipe_o_reg[instr_valid]_6
    SLICE_X15Y9          FDCE                                         f  u_core/id_stage_i/id_ex_pipe_o_reg[alu_operand_a][5]/CLR
  -------------------------------------------------------------------    -------------------

                         (clock sys_clk rise edge)    0.000     0.000 r  
    N15                                               0.000     0.000 r  clk_i (IN)
                         net (fo=0)                   0.000     0.000    clk_i
    N15                  IBUF (Prop_ibuf_I_O)         0.962     0.962 r  clk_i_IBUF_inst/O
                         net (fo=1, routed)           1.972     2.933    clk_i_IBUF
    BUFGCTRL_X0Y0        BUFG (Prop_bufg_I_O)         0.096     3.029 r  clk_i_IBUF_BUFG_inst/O
                         net (fo=2478, routed)        1.567     4.597    u_core/id_stage_i/clk_i_IBUF_BUFG
    SLICE_X15Y9          FDCE                                         r  u_core/id_stage_i/id_ex_pipe_o_reg[alu_operand_a][5]/C
                         clock pessimism              0.000     4.597    
                         clock uncertainty            0.035     4.632    
    SLICE_X15Y9          FDCE (Remov_fdce_C_CLR)     -0.208     4.424    u_core/id_stage_i/id_ex_pipe_o_reg[alu_operand_a][5]
  -------------------------------------------------------------------
                         required time                         -4.424    
                         arrival time                           4.827    
  -------------------------------------------------------------------
                         slack                                  0.403    

Slack (MET) :             0.403ns  (arrival time - required time)
  Source:                 rst_ni
                            (input port clocked by sys_clk  {rise@0.000ns fall@10.000ns period=20.000ns})
  Destination:            u_core/id_stage_i/id_ex_pipe_o_reg[alu_operand_a][6]/CLR
                            (removal check against rising-edge clock sys_clk  {rise@0.000ns fall@10.000ns period=20.000ns})
  Path Group:             **async_default**
  Path Type:              Removal (Min at Slow Process Corner)
  Requirement:            0.000ns  (sys_clk rise@0.000ns - sys_clk rise@0.000ns)
  Data Path Delay:        3.827ns  (logic 0.933ns (24.379%)  route 2.894ns (75.621%))
  Logic Levels:           2  (IBUF=1 LUT1=1)
  Input Delay:            1.000ns
  Clock Path Skew:        4.597ns (DCD - SCD - CPR)
    Destination Clock Delay (DCD):    4.597ns
    Source Clock Delay      (SCD):    0.000ns
    Clock Pessimism Removal (CPR):    -0.000ns
  Clock Uncertainty:      0.035ns  ((TSJ^2 + TIJ^2)^1/2 + DJ) / 2 + PE
    Total System Jitter     (TSJ):    0.071ns
    Total Input Jitter      (TIJ):    0.000ns
    Discrete Jitter          (DJ):    0.000ns
    Phase Error              (PE):    0.000ns

    Location             Delay type                Incr(ns)  Path(ns)    Netlist Resource(s)
  -------------------------------------------------------------------    -------------------
                         (clock sys_clk rise edge)    0.000     0.000 r  
                         input delay                  1.000     1.000    
    U18                                               0.000     1.000 r  rst_ni (IN)
                         net (fo=0)                   0.000     1.000    rst_ni
    U18                  IBUF (Prop_ibuf_I_O)         0.833     1.833 r  rst_ni_IBUF_inst/O
                         net (fo=1, routed)           1.925     3.758    u_core/register_file_wrapper_i/register_file_i/rst_ni_IBUF
    SLICE_X0Y15          LUT1 (Prop_lut1_I0_O)        0.100     3.858 f  u_core/register_file_wrapper_i/register_file_i/irq_q[7]_i_1/O
                         net (fo=2442, routed)        0.969     4.827    u_core/id_stage_i/id_ex_pipe_o_reg[instr_valid]_6
    SLICE_X15Y9          FDCE                                         f  u_core/id_stage_i/id_ex_pipe_o_reg[alu_operand_a][6]/CLR
  -------------------------------------------------------------------    -------------------

                         (clock sys_clk rise edge)    0.000     0.000 r  
    N15                                               0.000     0.000 r  clk_i (IN)
                         net (fo=0)                   0.000     0.000    clk_i
    N15                  IBUF (Prop_ibuf_I_O)         0.962     0.962 r  clk_i_IBUF_inst/O
                         net (fo=1, routed)           1.972     2.933    clk_i_IBUF
    BUFGCTRL_X0Y0        BUFG (Prop_bufg_I_O)         0.096     3.029 r  clk_i_IBUF_BUFG_inst/O
                         net (fo=2478, routed)        1.567     4.597    u_core/id_stage_i/clk_i_IBUF_BUFG
    SLICE_X15Y9          FDCE                                         r  u_core/id_stage_i/id_ex_pipe_o_reg[alu_operand_a][6]/C
                         clock pessimism              0.000     4.597    
                         clock uncertainty            0.035     4.632    
    SLICE_X15Y9          FDCE (Remov_fdce_C_CLR)     -0.208     4.424    u_core/id_stage_i/id_ex_pipe_o_reg[alu_operand_a][6]
  -------------------------------------------------------------------
                         required time                         -4.424    
                         arrival time                           4.827    
  -------------------------------------------------------------------
                         slack                                  0.403    

Slack (MET) :             0.403ns  (arrival time - required time)
  Source:                 rst_ni
                            (input port clocked by sys_clk  {rise@0.000ns fall@10.000ns period=20.000ns})
  Destination:            u_core/id_stage_i/id_ex_pipe_o_reg[alu_operand_a][8]/CLR
                            (removal check against rising-edge clock sys_clk  {rise@0.000ns fall@10.000ns period=20.000ns})
  Path Group:             **async_default**
  Path Type:              Removal (Min at Slow Process Corner)
  Requirement:            0.000ns  (sys_clk rise@0.000ns - sys_clk rise@0.000ns)
  Data Path Delay:        3.827ns  (logic 0.933ns (24.379%)  route 2.894ns (75.621%))
  Logic Levels:           2  (IBUF=1 LUT1=1)
  Input Delay:            1.000ns
  Clock Path Skew:        4.597ns (DCD - SCD - CPR)
    Destination Clock Delay (DCD):    4.597ns
    Source Clock Delay      (SCD):    0.000ns
    Clock Pessimism Removal (CPR):    -0.000ns
  Clock Uncertainty:      0.035ns  ((TSJ^2 + TIJ^2)^1/2 + DJ) / 2 + PE
    Total System Jitter     (TSJ):    0.071ns
    Total Input Jitter      (TIJ):    0.000ns
    Discrete Jitter          (DJ):    0.000ns
    Phase Error              (PE):    0.000ns

    Location             Delay type                Incr(ns)  Path(ns)    Netlist Resource(s)
  -------------------------------------------------------------------    -------------------
                         (clock sys_clk rise edge)    0.000     0.000 r  
                         input delay                  1.000     1.000    
    U18                                               0.000     1.000 r  rst_ni (IN)
                         net (fo=0)                   0.000     1.000    rst_ni
    U18                  IBUF (Prop_ibuf_I_O)         0.833     1.833 r  rst_ni_IBUF_inst/O
                         net (fo=1, routed)           1.925     3.758    u_core/register_file_wrapper_i/register_file_i/rst_ni_IBUF
    SLICE_X0Y15          LUT1 (Prop_lut1_I0_O)        0.100     3.858 f  u_core/register_file_wrapper_i/register_file_i/irq_q[7]_i_1/O
                         net (fo=2442, routed)        0.969     4.827    u_core/id_stage_i/id_ex_pipe_o_reg[instr_valid]_6
    SLICE_X15Y9          FDCE                                         f  u_core/id_stage_i/id_ex_pipe_o_reg[alu_operand_a][8]/CLR
  -------------------------------------------------------------------    -------------------

                         (clock sys_clk rise edge)    0.000     0.000 r  
    N15                                               0.000     0.000 r  clk_i (IN)
                         net (fo=0)                   0.000     0.000    clk_i
    N15                  IBUF (Prop_ibuf_I_O)         0.962     0.962 r  clk_i_IBUF_inst/O
                         net (fo=1, routed)           1.972     2.933    clk_i_IBUF
    BUFGCTRL_X0Y0        BUFG (Prop_bufg_I_O)         0.096     3.029 r  clk_i_IBUF_BUFG_inst/O
                         net (fo=2478, routed)        1.567     4.597    u_core/id_stage_i/clk_i_IBUF_BUFG
    SLICE_X15Y9          FDCE                                         r  u_core/id_stage_i/id_ex_pipe_o_reg[alu_operand_a][8]/C
                         clock pessimism              0.000     4.597    
                         clock uncertainty            0.035     4.632    
    SLICE_X15Y9          FDCE (Remov_fdce_C_CLR)     -0.208     4.424    u_core/id_stage_i/id_ex_pipe_o_reg[alu_operand_a][8]
  -------------------------------------------------------------------
                         required time                         -4.424    
                         arrival time                           4.827    
  -------------------------------------------------------------------
                         slack                                  0.403    





